event_id,user_id,event_date,event_type
1,1,2024-12-03,ran_dashboard_export
2,1,2024-12-03,viewed_help_docs
3,1,2024-12-03,created_report
4,1,2025-01-03,updated_settings
5,2,2024-12-12,created_report
6,2,2024-12-17,viewed_help_docs
7,2,2024-12-14,created_report
8,2,2024-12-21,updated_settings
9,3,2024-12-31,created_report
10,4,2024-12-08,created_report
11,4,2024-12-08,updated_settings
12,4,2025-02-22,updated_settings
13,4,2024-12-08,invited_team_member
14,7,2024-12-09,created_report
15,8,2024-12-10,updated_settings
16,8,2024-12-20,updated_settings
17,10,2024-12-20,updated_settings
18,10,2024-12-20,created_report
19,10,2024-12-20,viewed_help_docs
20,10,2024-12-20,updated_settings
21,11,2024-12-20,viewed_help_docs
22,11,2024-12-20,invited_team_member
23,11,2024-12-20,updated_settings
24,11,2024-12-20,updated_settings
25,13,2024-12-20,viewed_help_docs
26,13,2024-12-20,viewed_help_docs
27,13,2024-12-20,viewed_help_docs
28,13,2024-12-20,updated_settings
29,14,2024-12-17,imported_report
30,14,2024-12-17,viewed_help_docs
31,14,2024-12-17,imported_report
32,14,2024-12-17,viewed_help_docs
33,16,2024-12-21,updated_settings
34,16,2024-12-21,created_report
35,16,2024-12-21,updated_settings
36,16,2024-12-21,viewed_help_docs
37,18,2024-12-21,imported_report
38,18,2024-12-21,updated_settings
39,18,2024-12-21,applied_filter
40,18,2024-12-21,imported_report
41,19,2024-12-21,updated_settings
42,19,2024-12-21,created_report
43,19,2024-12-21,updated_settings
44,19,2024-12-21,updated_settings
45,20,2024-12-28,created_report
46,20,2024-12-28,updated_settings
47,20,2024-12-28,viewed_help_docs
48,20,2024-12-28,viewed_help_docs
49,21,2024-12-28,updated_settings
50,21,2024-12-28,updated_settings
51,21,2024-12-28,created_report
52,21,2024-12-28,ran_dashboard_export
53,23,2024-12-27,viewed_help_docs
54,23,2024-12-27,viewed_help_docs
55,23,2024-12-27,updated_settings
56,23,2024-12-27,created_report
57,24,2024-12-27,created_report
58,24,2024-12-28,updated_settings
59,24,2024-12-28,ran_dashboard_export
60,24,2024-12-28,viewed_help_docs
61,25,2024-12-28,created_report
62,25,2024-12-28,viewed_help_docs
63,25,2024-12-28,ran_dashboard_export
64,25,2024-12-28,viewed_help_docs
65,26,2024-12-28,ran_dashboard_export
66,26,2024-12-28,updated_settings
67,26,2024-12-28,viewed_help_docs
68,26,2024-12-28,created_report
69,29,2025-01-02,imported_report
70,29,2025-01-02,viewed_help_docs
71,29,2025-01-02,updated_settings
72,29,2025-01-02,updated_settings
73,31,2025-01-02,updated_settings
74,31,2025-01-02,updated_settings
75,31,2025-01-02,viewed_help_docs
76,31,2025-01-02,ran_dashboard_export
77,32,2025-01-02,updated_settings
78,32,2025-01-10,created_report
79,32,2025-01-10,updated_settings
80,32,2025-01-10,ran_dashboard_export
81,36,2025-01-10,created_report
82,36,2025-01-10,ran_dashboard_export
83,36,2025-01-10,ran_dashboard_export
84,36,2025-01-10,ran_dashboard_export
85,40,2025-01-17,viewed_help_docs
86,40,2025-01-17,created_report
87,40,2025-01-17,ran_dashboard_export
88,40,2025-01-17,viewed_help_docs
89,41,2025-01-17,viewed_help_docs
90,41,2025-01-17,viewed_help_docs
91,41,2025-01-17,created_report
92,41,2025-01-17,updated_settings
93,42,2025-01-17,updated_settings
94,42,2025-01-17,updated_settings
95,42,2025-01-17,viewed_help_docs
96,42,2025-01-17,imported_report
97,43,2025-01-17,imported_report
98,43,2025-01-18,viewed_help_docs
99,43,2025-01-19,updated_settings
100,43,2025-01-20,updated_settings
101,45,2025-01-17,viewed_help_docs
102,45,2025-01-17,ran_dashboard_export
103,45,2025-01-17,updated_settings
104,45,2025-01-17,viewed_help_docs
105,48,2025-01-21,updated_settings
106,48,2025-01-25,created_report
107,48,2025-01-25,ran_dashboard_export
108,48,2025-01-25,ran_dashboard_export
109,49,2025-01-25,created_report
110,49,2025-01-25,updated_settings
111,49,2025-01-25,viewed_help_docs
112,49,2025-01-26,created_report
113,50,2025-01-27,ran_dashboard_export
114,50,2025-01-28,created_report
115,50,2025-01-25,updated_settings
116,50,2025-01-26,ran_dashboard_export
117,54,2025-01-27,created_report
118,54,2025-01-28,updated_settings
119,54,2025-01-25,viewed_help_docs
120,54,2025-01-25,created_report
121,55,2025-01-31,created_report
122,55,2025-01-31,viewed_help_docs
123,55,2025-01-31,viewed_help_docs
124,55,2025-01-31,viewed_help_docs
125,57,2025-02-02,viewed_help_docs
126,57,2025-02-03,updated_settings
127,57,2025-02-04,updated_settings
128,57,2025-02-05,viewed_help_docs
129,60,2025-02-02,ran_dashboard_export
130,60,2025-02-02,updated_settings
131,60,2025-02-04,created_report
132,60,2025-02-05,updated_settings
133,62,2025-02-02,created_report
134,62,2025-02-02,ran_dashboard_export
135,62,2025-02-02,viewed_help_docs
136,62,2025-02-02,created_report
137,63,2025-02-06,created_report
138,63,2025-02-07,viewed_help_docs
139,63,2025-02-08,updated_settings
140,63,2025-02-09,viewed_help_docs
141,64,2025-02-06,updated_settings
142,64,2025-02-07,ran_dashboard_export
143,64,2025-02-08,viewed_help_docs
144,64,2025-02-09,created_report
145,66,2025-02-06,imported_report
146,66,2025-02-06,applied_filter
147,66,2025-02-06,imported_report
148,66,2025-02-06,viewed_help_docs
149,68,2025-02-11,created_report
150,68,2025-02-12,created_report
151,68,2025-02-13,updated_settings
152,68,2025-02-14,viewed_help_docs
153,69,2025-02-11,updated_settings
154,69,2025-02-12,updated_settings
155,69,2025-02-13,created_report
156,69,2025-02-14,created_report
157,70,2025-02-11,imported_report
158,70,2025-02-12,updated_settings
159,70,2025-02-13,imported_report
160,70,2025-02-14,applied_filter
161,73,2025-04-04,imported_report
162,73,2025-04-16,updated_settings
163,73,2025-02-27,imported_report
164,73,2025-04-03,imported_report
165,74,2025-03-17,updated_settings
166,74,2025-05-03,viewed_help_docs
167,74,2025-03-23,viewed_help_docs
168,74,2025-04-19,ran_dashboard_export
169,76,2025-04-28,updated_settings
170,76,2025-05-14,created_report
171,76,2025-02-26,viewed_help_docs
172,76,2025-04-30,updated_settings
173,77,2025-03-17,updated_settings
174,77,2025-04-02,updated_settings
175,77,2025-02-20,created_report
176,77,2025-03-03,viewed_help_docs
177,78,2025-03-09,viewed_help_docs
178,78,2025-02-20,imported_report
179,78,2025-03-15,updated_settings
180,78,2025-02-21,applied_filter
181,79,2025-05-16,viewed_help_docs
182,79,2025-05-07,viewed_help_docs
183,79,2025-03-22,created_report
184,79,2025-05-08,ran_dashboard_export
185,81,2025-02-21,created_report
186,81,2025-02-21,created_report
187,81,2025-02-21,updated_settings
188,81,2025-04-01,created_report
189,82,2025-04-05,updated_settings
190,82,2025-04-06,viewed_help_docs
191,82,2025-03-06,updated_settings
192,82,2025-03-03,created_report
193,83,2025-04-22,updated_settings
194,83,2025-04-12,updated_settings
195,83,2025-05-10,created_report
196,83,2025-03-14,ran_dashboard_export
197,85,2025-04-23,created_report
198,85,2025-03-23,created_report
199,85,2025-02-27,updated_settings
200,85,2025-03-06,ran_dashboard_export
201,86,2025-03-22,imported_report
202,86,2025-05-04,updated_settings
203,86,2025-05-24,updated_settings
204,86,2025-04-17,applied_filter
205,88,2025-05-04,updated_settings
206,88,2025-05-01,viewed_help_docs
207,88,2025-03-17,ran_dashboard_export
208,88,2025-04-14,viewed_help_docs
209,89,2025-04-28,viewed_help_docs
210,89,2025-03-28,updated_settings
211,89,2025-05-07,viewed_help_docs
212,89,2025-04-26,ran_dashboard_export
213,90,2024-12-10,updated_settings
214,90,2024-12-25,updated_settings
215,90,2025-01-17,created_report
216,90,2025-01-21,viewed_help_docs
217,91,2025-02-17,created_report
218,91,2025-02-06,ran_dashboard_export
219,91,2024-12-18,viewed_help_docs
220,91,2025-01-07,viewed_help_docs
221,92,2025-01-28,viewed_help_docs
222,92,2025-02-17,updated_settings
223,92,2025-02-16,updated_settings
224,92,2025-02-21,imported_report
225,94,2025-02-12,updated_settings
226,94,2025-02-09,viewed_help_docs
227,94,2025-02-26,ran_dashboard_export
228,94,2024-12-09,ran_dashboard_export
229,96,2025-02-26,updated_settings
230,96,2025-03-02,ran_dashboard_export
231,96,2025-01-20,updated_settings
232,96,2025-01-17,ran_dashboard_export
233,97,2025-03-03,viewed_help_docs
234,97,2025-02-03,viewed_help_docs
235,97,2025-03-01,ran_dashboard_export
236,97,2024-12-25,ran_dashboard_export
237,99,2024-12-22,imported_report
238,99,2025-01-21,imported_report
239,99,2025-01-16,applied_filter
240,99,2025-02-13,applied_filter
241,100,2025-01-07,imported_report
242,100,2025-01-14,imported_report
243,100,2025-01-31,updated_settings
244,100,2024-12-13,created_report
245,101,2025-01-06,viewed_help_docs
246,101,2025-01-24,imported_report
247,101,2025-01-07,updated_settings
248,101,2025-03-02,viewed_help_docs
249,102,2025-01-02,ran_dashboard_export
250,102,2025-01-03,ran_dashboard_export
251,102,2025-01-04,updated_settings
252,102,2025-01-05,viewed_help_docs
253,105,2025-02-15,imported_report
254,105,2025-01-01,imported_report
255,105,2024-12-24,imported_report
256,105,2025-02-25,ran_dashboard_export
257,108,2025-03-01,created_report
258,108,2024-12-28,ran_dashboard_export
259,108,2025-02-10,ran_dashboard_export
260,108,2025-01-09,viewed_help_docs
261,109,2025-01-18,created_report
262,109,2025-02-08,updated_settings
263,109,2025-01-18,viewed_help_docs
264,109,2025-01-24,created_report
265,111,2025-03-05,imported_report
266,111,2025-02-10,imported_report
267,111,2025-03-16,imported_report
268,111,2025-01-05,imported_report
269,112,2025-01-19,imported_report
270,112,2025-01-16,updated_settings
271,112,2025-02-26,imported_report
272,112,2025-02-04,updated_settings
273,113,2025-01-19,updated_settings
274,113,2025-01-20,imported_report
275,113,2025-01-21,imported_report
276,113,2025-01-22,updated_settings
277,114,2025-01-25,imported_report
278,114,2025-01-19,updated_settings
279,114,2025-03-02,imported_report
280,114,2025-01-01,viewed_help_docs
281,115,2025-01-21,created_report
282,115,2025-01-13,ran_dashboard_export
283,115,2025-03-15,created_report
284,115,2025-02-14,updated_settings
285,116,2025-01-29,imported_report
286,116,2025-01-14,imported_report
287,116,2025-02-18,updated_settings
288,116,2025-03-03,imported_report
289,117,2025-01-05,ran_dashboard_export
290,117,2025-01-06,viewed_help_docs
291,117,2025-01-07,ran_dashboard_export
292,117,2025-01-08,created_report
293,118,2025-02-09,updated_settings
294,118,2025-03-04,viewed_help_docs
295,118,2025-02-06,updated_settings
296,118,2025-01-23,imported_report
297,119,2025-02-24,updated_settings
298,119,2025-02-25,updated_settings
299,119,2025-01-20,imported_report
300,119,2025-01-08,imported_report
301,120,2025-02-01,updated_settings
302,120,2025-02-10,imported_report
303,120,2025-01-12,applied_filter
304,120,2025-01-09,updated_settings
305,121,2025-02-02,viewed_help_docs
306,121,2025-01-01,created_report
307,121,2025-01-01,updated_settings
308,121,2025-03-16,created_report
309,122,2025-02-06,created_report
310,122,2025-01-02,updated_settings
311,122,2025-01-02,created_report
312,122,2025-01-28,updated_settings
313,123,2025-02-02,imported_report
314,123,2025-03-07,imported_report
315,123,2025-02-13,updated_settings
316,123,2025-02-07,viewed_help_docs
317,125,2025-01-10,created_report
318,125,2025-02-08,ran_dashboard_export
319,125,2025-01-05,ran_dashboard_export
320,125,2025-03-27,created_report
321,126,2025-01-16,viewed_help_docs
322,126,2025-02-15,updated_settings
323,126,2025-03-28,imported_report
324,126,2025-04-02,viewed_help_docs
325,127,2025-01-14,imported_report
326,127,2025-01-31,applied_filter
327,127,2025-04-01,updated_settings
328,127,2025-03-20,imported_report
329,128,2025-02-19,ran_dashboard_export
330,128,2025-02-25,ran_dashboard_export
331,128,2025-02-16,created_report
332,128,2025-02-06,viewed_help_docs
333,129,2025-04-06,updated_settings
334,129,2025-01-16,ran_dashboard_export
335,129,2025-01-14,created_report
336,129,2025-02-13,created_report
337,130,2025-02-14,viewed_help_docs
338,130,2025-03-25,imported_report
339,130,2025-03-27,applied_filter
340,130,2025-01-27,applied_filter
341,131,2025-01-28,viewed_help_docs
342,131,2025-02-05,updated_settings
343,131,2025-02-19,ran_dashboard_export
344,131,2025-01-30,ran_dashboard_export
345,132,2025-03-17,updated_settings
346,132,2025-04-10,updated_settings
347,132,2025-04-03,updated_settings
348,132,2025-01-20,created_report
349,134,2025-02-05,created_report
350,134,2025-02-05,created_report
351,134,2025-02-05,updated_settings
352,134,2025-02-05,created_report
353,135,2025-03-11,imported_report
354,135,2025-03-18,imported_report
355,135,2025-03-07,viewed_help_docs
356,135,2025-01-20,applied_filter
357,136,2025-02-27,imported_report
358,136,2025-02-28,imported_report
359,136,2025-03-09,imported_report
360,136,2025-02-24,updated_settings
361,140,2025-02-02,created_report
362,140,2025-03-28,created_report
363,140,2025-01-25,updated_settings
364,140,2025-02-15,ran_dashboard_export
365,144,2025-02-12,created_report
366,144,2025-02-13,viewed_help_docs
367,144,2025-02-14,updated_settings
368,144,2025-02-15,created_report
369,145,2025-01-30,created_report
370,145,2025-01-30,viewed_help_docs
371,145,2025-01-30,created_report
372,145,2025-02-01,updated_settings
373,146,2025-04-09,viewed_help_docs
374,146,2025-04-21,viewed_help_docs
375,146,2025-04-05,created_report
376,146,2025-04-20,created_report
377,148,2025-02-06,created_report
378,148,2025-01-30,viewed_help_docs
379,148,2025-02-03,created_report
380,148,2025-04-04,updated_settings
381,149,2025-02-12,updated_settings
382,149,2025-03-26,ran_dashboard_export
383,149,2025-04-07,created_report
384,149,2025-01-31,ran_dashboard_export
385,150,2025-03-02,created_report
386,150,2025-04-21,updated_settings
387,150,2025-02-01,viewed_help_docs
388,150,2025-02-25,ran_dashboard_export
389,151,2025-02-27,imported_report
390,151,2025-03-08,imported_report
391,151,2025-04-08,applied_filter
392,151,2025-03-14,viewed_help_docs
393,152,2025-02-11,ran_dashboard_export
394,152,2025-02-11,ran_dashboard_export
395,152,2025-02-17,updated_settings
396,152,2025-02-17,ran_dashboard_export
397,153,2025-02-05,viewed_help_docs
398,153,2025-04-29,viewed_help_docs
399,153,2025-04-08,viewed_help_docs
400,153,2025-03-20,imported_report
401,154,2025-02-22,ran_dashboard_export
402,154,2025-02-18,updated_settings
403,154,2025-02-18,invited_team_member
404,154,2025-02-08,ran_dashboard_export
405,156,2025-03-02,created_report
406,156,2025-02-07,ran_dashboard_export
407,156,2025-04-23,updated_settings
408,156,2025-03-31,created_report
409,157,2025-04-02,imported_report
410,157,2025-04-12,applied_filter
411,157,2025-04-25,applied_filter
412,157,2025-04-09,viewed_help_docs
413,158,2025-04-10,updated_settings
414,158,2025-02-07,ran_dashboard_export
415,158,2025-03-16,created_report
416,158,2025-03-06,created_report
417,159,2025-02-28,ran_dashboard_export
418,159,2025-02-20,created_report
419,159,2025-03-01,viewed_help_docs
420,159,2025-02-28,updated_settings
421,160,2025-02-23,imported_report
422,160,2025-02-23,imported_report
423,160,2025-02-19,applied_filter
424,160,2025-02-24,updated_settings
425,161,2025-02-26,imported_report
426,161,2025-05-08,updated_settings
427,161,2025-04-15,imported_report
428,161,2025-04-07,updated_settings
429,162,2025-02-28,viewed_help_docs
430,162,2025-03-01,ran_dashboard_export
431,162,2025-02-28,created_report
432,162,2025-02-30,created_report
433,163,2025-02-15,viewed_help_docs
434,163,2025-02-21,updated_settings
435,163,2025-03-04,imported_report
436,163,2025-04-24,applied_filter
437,165,2025-04-19,created_report
438,165,2025-02-25,ran_dashboard_export
439,165,2025-04-28,ran_dashboard_export
440,165,2025-03-20,viewed_help_docs
441,166,2025-03-27,updated_settings
442,166,2025-04-25,created_report
443,166,2025-05-03,created_report
444,166,2025-05-10,viewed_help_docs
445,168,2025-02-19,imported_report
446,168,2025-03-01,viewed_help_docs
447,168,2025-04-14,updated_settings
448,168,2025-05-14,updated_settings
449,169,2025-05-09,updated_settings
450,169,2025-03-28,ran_dashboard_export
451,169,2025-05-11,invited_team_member
452,169,2025-02-21,invited_team_member
453,170,2025-03-12,viewed_help_docs
454,170,2025-02-19,imported_report
455,170,2025-05-08,updated_settings
456,170,2025-03-20,imported_report
457,172,2025-03-31,updated_settings
458,172,2025-04-17,created_report
459,172,2025-03-27,updated_settings
460,172,2025-03-11,updated_settings
461,174,2025-04-14,viewed_help_docs
462,174,2025-03-18,created_report
463,174,2025-02-25,viewed_help_docs
464,174,2025-05-21,created_report
465,175,2025-04-21,viewed_help_docs
466,175,2025-04-08,viewed_help_docs
467,175,2025-05-14,created_report
468,175,2025-03-19,ran_dashboard_export
469,176,2025-04-05,viewed_help_docs
470,176,2025-03-16,imported_report
471,176,2025-03-01,applied_filter
472,176,2025-04-20,updated_settings
473,177,2025-02-28,viewed_help_docs
474,178,2025-02-27,created_report
475,178,2025-02-28,ran_dashboard_export
476,178,2025-03-10,updated_settings
477,178,2025-03-10,created_report
478,179,2025-03-19,viewed_help_docs
479,179,2025-05-11,imported_report
480,179,2025-04-21,imported_report
481,179,2025-03-29,applied_filter
482,181,2025-01-18,updated_settings
483,181,2025-01-18,viewed_help_docs
484,182,2025-01-23,imported_report
485,182,2024-12-20,applied_filter
486,182,2024-12-17,applied_filter
487,182,2024-12-26,imported_report
488,185,2025-02-24,viewed_help_docs
489,185,2024-12-06,imported_report
490,185,2024-12-11,created_report
491,185,2024-12-16,viewed_help_docs
492,186,2025-01-22,viewed_help_docs
493,186,2025-01-06,imported_report
494,186,2025-01-04,applied_filter
495,186,2024-12-22,updated_settings
496,187,2025-03-03,updated_settings
497,187,2024-12-08,imported_report
498,187,2025-02-18,viewed_help_docs
499,187,2025-02-10,applied_filter
500,188,2025-03-02,updated_settings
501,188,2024-12-09,viewed_help_docs
502,190,2025-02-28,created_report
503,190,2025-02-04,viewed_help_docs
504,190,2025-03-10,viewed_help_docs
505,191,2025-03-11,viewed_help_docs
506,191,2024-12-15,imported_report
507,191,2025-02-06,imported_report
508,191,2025-01-25,imported_report
509,192,2025-01-14,updated_settings
510,192,2025-02-21,imported_report
511,192,2024-12-17,applied_filter
512,192,2024-12-14,applied_filter
513,194,2025-03-09,imported_report
514,194,2024-12-28,updated_settings
515,194,2025-02-20,viewed_help_docs
516,194,2024-12-27,imported_report
517,197,2024-12-23,imported_report
518,197,2025-02-15,viewed_help_docs
519,197,2024-12-23,applied_filter
520,197,2025-02-10,viewed_help_docs
521,198,2025-01-02,viewed_help_docs
522,198,2025-01-02,viewed_help_docs
523,198,2025-01-01,viewed_help_docs
524,198,2025-01-10,ran_dashboard_export
525,199,2025-01-04,imported_report
526,199,2025-01-05,imported_report
527,199,2024-12-22,imported_report
528,199,2025-01-02,applied_filter
529,201,2024-12-28,created_report
530,201,2024-12-29,updated_settings
531,201,2024-12-27,viewed_help_docs
532,201,2024-12-28,ran_dashboard_export
533,204,2024-12-25,ran_dashboard_export
534,204,2024-12-25,ran_dashboard_export
535,204,2024-12-28,viewed_help_docs
536,204,2024-12-28,updated_settings
537,205,2025-02-16,created_report
538,205,2025-03-05,ran_dashboard_export
539,205,2024-12-30,updated_settings
540,205,2025-01-31,ran_dashboard_export
541,209,2025-01-31,imported_report
542,209,2025-01-25,imported_report
543,209,2025-01-14,viewed_help_docs
544,209,2025-01-04,updated_settings
545,210,2025-01-08,imported_report
546,210,2025-01-09,imported_report
547,210,2025-01-10,imported_report
548,210,2025-01-11,viewed_help_docs
549,212,2025-01-02,imported_report
550,212,2025-01-03,viewed_help_docs
551,212,2025-01-04,applied_filter
552,212,2025-01-05,applied_filter
553,213,2025-01-05,updated_settings
554,213,2025-01-07,viewed_help_docs
555,213,2025-01-08,created_report
556,214,2025-01-07,viewed_help_docs
557,214,2025-01-14,updated_settings
558,216,2025-01-06,viewed_help_docs
559,216,2025-01-08,updated_settings
560,217,2025-01-08,imported_report
561,217,2025-01-09,updated_settings
562,217,2025-01-10,viewed_help_docs
563,217,2025-01-11,imported_report
564,218,2025-01-09,updated_settings
565,218,2025-01-10,viewed_help_docs
566,218,2025-01-11,imported_report
567,218,2025-01-12,applied_filter
568,220,2025-01-12,updated_settings
569,220,2025-01-13,viewed_help_docs
570,220,2025-01-14,ran_dashboard_export
571,220,2025-01-15,created_report
572,222,2025-02-06,imported_report
573,222,2025-01-22,invited_team_member
574,222,2025-01-30,applied_filter
575,222,2025-02-06,ran_dashboard_export
576,224,2025-01-15,updated_settings
577,224,2025-01-16,created_report
578,224,2025-01-17,viewed_help_docs
579,224,2025-01-18,created_report
580,227,2025-01-17,viewed_help_docs
581,227,2025-01-18,created_report
582,227,2025-01-19,ran_dashboard_export
583,227,2025-01-20,invited_team_member
584,228,2025-01-18,imported_report
585,228,2025-01-19,imported_report
586,228,2025-01-20,invited_team_member
587,228,2025-01-21,viewed_help_docs
588,230,2025-01-21,ran_dashboard_export
589,230,2025-01-22,updated_settings
590,230,2025-01-23,viewed_help_docs
591,230,2025-01-24,created_report
592,231,2025-01-25,updated_settings
593,231,2025-01-26,viewed_help_docs
594,231,2025-01-27,updated_settings
595,231,2025-01-28,imported_report
596,232,2025-01-22,viewed_help_docs
597,232,2025-01-23,updated_settings
598,232,2025-01-24,imported_report
599,232,2025-01-25,applied_filter
600,234,2025-01-25,viewed_help_docs
601,234,2025-01-26,ran_dashboard_export
602,234,2025-01-27,created_report
603,234,2025-01-28,updated_settings
604,235,2025-01-28,imported_report
605,235,2025-01-29,updated_settings
606,235,2025-01-30,viewed_help_docs
607,235,2025-01-31,imported_report
608,238,2025-01-28,imported_report
609,238,2025-01-29,viewed_help_docs
610,238,2025-01-30,imported_report
611,238,2025-01-31,applied_filter
612,239,2025-02-01,viewed_help_docs
613,239,2025-02-02,imported_report
614,239,2025-02-03,imported_report
615,239,2025-02-04,applied_filter
616,240,2025-02-27,imported_report
617,240,2025-02-11,applied_filter
618,240,2025-02-05,updated_settings
619,240,2025-01-31,imported_report
620,241,2025-02-11,updated_settings
621,241,2025-02-23,created_report
622,241,2025-02-01,ran_dashboard_export
623,241,2025-02-11,ran_dashboard_export
624,242,2025-02-03,created_report
625,242,2025-03-06,updated_settings
626,246,2025-03-17,ran_dashboard_export
627,246,2025-04-20,viewed_help_docs
628,246,2025-04-17,viewed_help_docs
629,246,2025-03-24,updated_settings
630,250,2025-02-09,ran_dashboard_export
631,250,2025-02-10,viewed_help_docs
632,250,2025-02-11,ran_dashboard_export
633,250,2025-02-12,updated_settings
634,251,2025-02-10,viewed_help_docs
635,251,2025-02-11,ran_dashboard_export
636,251,2025-02-12,ran_dashboard_export
637,251,2025-02-13,updated_settings
638,252,2025-02-13,viewed_help_docs
639,252,2025-02-14,ran_dashboard_export
640,252,2025-02-15,viewed_help_docs
641,252,2025-02-16,ran_dashboard_export
642,253,2025-02-15,ran_dashboard_export
643,253,2025-02-16,created_report
644,253,2025-02-17,ran_dashboard_export
645,253,2025-02-18,created_report
646,254,2025-02-18,updated_settings
647,254,2025-02-19,viewed_help_docs
648,254,2025-02-20,updated_settings
649,255,2025-02-17,created_report
650,255,2025-02-18,viewed_help_docs
651,255,2025-02-19,imported_report
652,255,2025-02-20,updated_settings
653,256,2025-02-19,imported_report
654,256,2025-02-20,viewed_help_docs
655,256,2025-02-21,imported_report
656,256,2025-02-22,updated_settings
657,259,2025-02-20,imported_report
658,259,2025-02-20,ran_dashboard_export
659,259,2025-02-22,created_report
660,259,2025-02-20,updated_settings
661,260,2025-02-20,imported_report
662,260,2025-02-21,viewed_help_docs
663,260,2025-02-22,updated_settings
664,260,2025-02-23,applied_filter
665,261,2025-02-21,created_report
666,261,2025-03-18,ran_dashboard_export
667,261,2025-03-10,viewed_help_docs
668,261,2025-03-15,updated_settings
669,262,2025-02-21,viewed_help_docs
670,262,2025-02-23,updated_settings
671,262,2025-02-24,created_report
672,263,2025-02-23,created_report
673,263,2025-02-24,viewed_help_docs
674,263,2025-02-25,updated_settings
675,264,2025-02-24,updated_settings
676,264,2025-02-25,viewed_help_docs
677,264,2025-02-26,created_report
678,264,2025-02-27,ran_dashboard_export
679,265,2025-02-26,viewed_help_docs
680,265,2025-02-27,ran_dashboard_export
681,265,2025-02-28,ran_dashboard_export
682,265,2025-03-01,created_report
683,266,2025-03-09,viewed_help_docs
684,266,2025-03-11,ran_dashboard_export
685,266,2025-03-03,created_report
686,266,2025-02-28,ran_dashboard_export
687,267,2025-03-16,updated_settings
688,267,2025-03-18,invited_team_member
689,267,2025-03-22,invited_team_member
690,268,2025-05-24,created_report
691,268,2025-04-18,ran_dashboard_export
692,268,2025-05-09,ran_dashboard_export
693,268,2025-04-12,updated_settings
694,272,2024-12-04,created_report
695,272,2024-12-28,updated_settings
696,272,2024-12-21,updated_settings
697,272,2024-12-29,created_report
698,274,2024-12-05,updated_settings
699,274,2024-12-06,ran_dashboard_export
700,274,2024-12-07,created_report
701,274,2024-12-08,viewed_help_docs
702,276,2024-12-07,imported_report
703,276,2024-12-08,viewed_help_docs
704,276,2024-12-09,applied_filter
705,276,2024-12-10,imported_report
706,277,2024-12-11,updated_settings
707,277,2024-12-12,updated_settings
708,277,2024-12-13,viewed_help_docs
709,277,2024-12-14,ran_dashboard_export
710,278,2025-02-10,imported_report
711,278,2025-02-11,viewed_help_docs
712,278,2025-02-12,updated_settings
713,278,2025-02-13,applied_filter
714,279,2024-12-14,imported_report
715,279,2024-12-15,updated_settings
716,279,2024-12-16,applied_filter
717,279,2024-12-17,imported_report
718,281,2025-01-31,ran_dashboard_export
719,281,2025-01-05,viewed_help_docs
720,281,2025-02-06,updated_settings
721,281,2025-03-02,created_report
722,282,2025-01-09,updated_settings
723,282,2024-12-16,viewed_help_docs
724,282,2024-12-31,updated_settings
725,283,2024-12-14,imported_report
726,283,2024-12-15,updated_settings
727,283,2024-12-16,viewed_help_docs
728,283,2024-12-17,imported_report
729,285,2024-12-16,ran_dashboard_export
730,285,2024-12-17,viewed_help_docs
731,285,2024-12-18,updated_settings
732,285,2024-12-19,ran_dashboard_export
733,286,2025-01-11,updated_settings
734,286,2025-01-13,updated_settings
735,286,2025-01-16,imported_report
736,286,2024-12-22,updated_settings
737,287,2024-12-23,ran_dashboard_export
738,287,2025-01-03,ran_dashboard_export
739,287,2025-01-10,ran_dashboard_export
740,287,2024-12-23,updated_settings
741,290,2024-12-21,created_report
742,290,2024-12-22,updated_settings
743,290,2024-12-23,ran_dashboard_export
744,290,2024-12-24,updated_settings
745,291,2024-12-22,created_report
746,291,2024-12-23,updated_settings
747,291,2024-12-24,updated_settings
748,291,2024-12-25,viewed_help_docs
749,294,2025-01-24,ran_dashboard_export
750,294,2025-01-25,created_report
751,294,2025-01-26,updated_settings
752,294,2025-01-27,ran_dashboard_export
753,295,2024-12-26,created_report
754,295,2024-12-27,ran_dashboard_export
755,295,2024-12-28,updated_settings
756,295,2024-12-29,ran_dashboard_export
757,298,2024-12-30,created_report
758,298,2025-01-01,updated_settings
759,299,2024-12-30,created_report
760,299,2024-12-31,ran_dashboard_export
761,299,2025-01-01,created_report
762,299,2025-01-02,updated_settings
763,302,2025-01-02,updated_settings
764,302,2025-02-07,imported_report
765,302,2025-01-02,updated_settings
766,302,2025-01-02,viewed_help_docs
767,303,2025-01-03,ran_dashboard_export
768,303,2025-01-03,viewed_help_docs
769,303,2025-01-04,created_report
770,303,2025-01-05,ran_dashboard_export
771,304,2025-01-04,updated_settings
772,304,2025-01-05,created_report
773,304,2025-01-07,updated_settings
774,305,2025-01-05,viewed_help_docs
775,305,2025-01-06,ran_dashboard_export
776,305,2025-01-07,updated_settings
777,305,2025-01-08,created_report
778,306,2025-01-06,created_report
779,306,2025-02-05,updated_settings
780,306,2025-01-07,viewed_help_docs
781,307,2025-01-07,viewed_help_docs
782,307,2025-01-08,ran_dashboard_export
783,307,2025-01-09,viewed_help_docs
784,307,2025-01-10,created_report
785,308,2025-01-09,viewed_help_docs
786,308,2025-01-11,created_report
787,309,2025-01-09,imported_report
788,309,2025-01-10,updated_settings
789,309,2025-01-11,imported_report
790,309,2025-01-12,updated_settings
791,310,2025-01-10,updated_settings
792,310,2025-01-11,viewed_help_docs
793,310,2025-01-12,created_report
794,310,2025-01-13,ran_dashboard_export
795,311,2025-01-14,imported_report
796,311,2025-01-15,applied_filter
797,311,2025-01-16,updated_settings
798,311,2025-01-17,imported_report
799,312,2025-01-17,viewed_help_docs
800,312,2025-01-18,imported_report
801,312,2025-01-19,applied_filter
802,312,2025-01-20,applied_filter
803,313,2025-01-13,updated_settings
804,313,2025-01-14,ran_dashboard_export
805,313,2025-01-15,created_report
806,313,2025-01-16,ran_dashboard_export
807,316,2025-01-16,viewed_help_docs
808,316,2025-01-17,updated_settings
809,316,2025-01-18,viewed_help_docs
810,316,2025-01-19,ran_dashboard_export
811,317,2025-01-19,viewed_help_docs
812,317,2025-01-20,updated_settings
813,317,2025-01-21,updated_settings
814,318,2025-01-18,ran_dashboard_export
815,318,2025-01-19,viewed_help_docs
816,318,2025-01-20,created_report
817,318,2025-01-21,updated_settings
818,319,2025-01-20,ran_dashboard_export
819,319,2025-01-21,created_report
820,319,2025-01-22,viewed_help_docs
821,319,2025-01-23,ran_dashboard_export
822,320,2025-01-20,created_report
823,320,2025-01-20,viewed_help_docs
824,320,2025-01-21,updated_settings
825,321,2025-01-21,created_report
826,321,2025-01-22,viewed_help_docs
827,321,2025-01-23,updated_settings
828,321,2025-01-24,ran_dashboard_export
829,322,2025-01-22,imported_report
830,322,2025-01-23,viewed_help_docs
831,322,2025-01-24,updated_settings
832,322,2025-01-25,applied_filter
833,325,2025-01-29,created_report
834,325,2025-01-29,viewed_help_docs
835,325,2025-01-29,updated_settings
836,326,2025-04-19,updated_settings
837,326,2025-02-19,updated_settings
838,326,2025-01-28,created_report
839,326,2025-03-02,created_report
840,327,2025-01-27,updated_settings
841,327,2025-01-28,viewed_help_docs
842,327,2025-01-30,viewed_help_docs
843,329,2025-02-16,imported_report
844,329,2025-03-12,imported_report
845,329,2025-03-26,applied_filter
846,329,2025-04-24,applied_filter
847,330,2025-03-18,updated_settings
848,330,2025-02-28,created_report
849,330,2025-02-09,ran_dashboard_export
850,330,2025-02-04,viewed_help_docs
851,332,2025-04-05,updated_settings
852,332,2025-02-28,ran_dashboard_export
853,332,2025-03-25,ran_dashboard_export
854,332,2025-04-03,created_report
855,333,2025-04-24,viewed_help_docs
856,333,2025-03-20,imported_report
857,333,2025-02-11,imported_report
858,333,2025-02-26,updated_settings
859,334,2025-04-13,imported_report
860,334,2025-04-13,imported_report
861,334,2025-02-06,viewed_help_docs
862,334,2025-03-23,applied_filter
863,335,2025-02-21,imported_report
864,335,2025-02-22,imported_report
865,335,2025-02-23,applied_filter
866,335,2025-02-24,updated_settings
867,336,2025-03-18,created_report
868,336,2025-02-12,ran_dashboard_export
869,336,2025-04-23,ran_dashboard_export
870,336,2025-04-02,updated_settings
871,337,2025-04-19,viewed_help_docs
872,337,2025-03-01,created_report
873,337,2025-02-16,viewed_help_docs
874,337,2025-03-02,updated_settings
875,339,2025-02-11,ran_dashboard_export
876,339,2025-03-13,ran_dashboard_export
877,339,2025-02-12,created_report
878,339,2025-04-19,viewed_help_docs
879,340,2025-05-09,imported_report
880,340,2025-03-24,imported_report
881,340,2025-02-10,applied_filter
882,340,2025-04-23,updated_settings
883,341,2025-04-03,updated_settings
884,341,2025-04-27,viewed_help_docs
885,341,2025-03-29,updated_settings
886,341,2025-04-16,ran_dashboard_export
887,342,2025-02-11,updated_settings
888,342,2025-02-12,ran_dashboard_export
889,342,2025-02-13,created_report
890,342,2025-02-14,ran_dashboard_export
891,344,2025-04-10,updated_settings
892,344,2025-04-09,updated_settings
893,344,2025-03-13,updated_settings
894,344,2025-05-05,created_report
895,345,2025-03-13,created_report
896,345,2025-03-24,ran_dashboard_export
897,345,2025-03-09,viewed_help_docs
898,345,2025-04-30,viewed_help_docs
899,348,2025-05-14,created_report
900,348,2025-03-01,ran_dashboard_export
901,348,2025-04-19,ran_dashboard_export
902,348,2025-03-05,viewed_help_docs
903,349,2025-04-21,created_report
904,349,2025-04-09,ran_dashboard_export
905,349,2025-03-02,viewed_help_docs
906,349,2025-05-08,ran_dashboard_export
907,352,2025-04-14,created_report
908,352,2025-05-14,viewed_help_docs
909,352,2025-03-07,created_report
910,352,2025-03-06,ran_dashboard_export
911,354,2025-03-09,created_report
912,354,2025-03-02,updated_settings
913,354,2025-03-27,ran_dashboard_export
914,354,2025-03-17,viewed_help_docs
915,355,2025-04-25,updated_settings
916,355,2025-05-23,created_report
917,355,2025-03-01,viewed_help_docs
918,355,2025-05-23,ran_dashboard_export
919,356,2025-05-18,viewed_help_docs
920,356,2025-04-30,created_report
921,356,2025-03-16,ran_dashboard_export
922,356,2025-03-13,ran_dashboard_export
923,357,2025-04-30,viewed_help_docs
924,357,2025-04-04,ran_dashboard_export
925,357,2025-05-23,created_report
926,357,2025-05-22,created_report
927,358,2025-04-12,ran_dashboard_export
928,358,2025-05-19,ran_dashboard_export
929,358,2025-05-10,created_report
930,358,2025-03-26,updated_settings
931,359,2025-05-14,created_report
932,359,2025-03-21,viewed_help_docs
933,359,2025-05-04,ran_dashboard_export
934,359,2025-03-12,updated_settings
935,361,2025-01-27,ran_dashboard_export
936,361,2025-02-04,ran_dashboard_export
937,361,2025-01-16,created_report
938,361,2024-12-04,ran_dashboard_export
939,363,2024-12-05,ran_dashboard_export
940,363,2024-12-31,created_report
941,363,2024-12-21,viewed_help_docs
942,363,2024-12-21,created_report
943,364,2025-02-11,imported_report
944,364,2025-02-28,imported_report
945,364,2025-02-13,applied_filter
946,364,2024-12-09,updated_settings
947,365,2024-12-06,viewed_help_docs
948,365,2025-01-20,ran_dashboard_export
949,365,2024-12-29,updated_settings
950,365,2025-01-18,updated_settings
951,366,2025-02-03,ran_dashboard_export
952,366,2024-12-29,viewed_help_docs
953,366,2024-12-07,created_report
954,366,2025-01-07,created_report
955,369,2025-02-21,created_report
956,369,2025-01-29,ran_dashboard_export
957,369,2025-01-09,ran_dashboard_export
958,369,2025-02-14,ran_dashboard_export
959,371,2025-03-07,created_report
960,371,2025-03-02,viewed_help_docs
961,371,2025-02-01,viewed_help_docs
962,371,2025-01-25,ran_dashboard_export
963,372,2024-12-13,updated_settings
964,372,2025-01-20,imported_report
965,372,2025-02-09,viewed_help_docs
966,372,2025-01-03,applied_filter
967,373,2024-12-14,updated_settings
968,373,2024-12-15,updated_settings
969,373,2024-12-16,created_report
970,373,2024-12-17,ran_dashboard_export
971,374,2025-01-29,created_report
972,374,2025-02-10,updated_settings
973,374,2025-01-25,viewed_help_docs
974,374,2025-01-19,viewed_help_docs
975,375,2025-02-28,viewed_help_docs
976,375,2024-12-16,created_report
977,375,2025-01-06,created_report
978,375,2025-02-06,ran_dashboard_export
979,378,2025-02-09,viewed_help_docs
980,378,2025-03-03,imported_report
981,378,2025-02-06,viewed_help_docs
982,378,2024-12-23,imported_report
983,379,2025-03-07,ran_dashboard_export
984,379,2025-01-12,viewed_help_docs
985,379,2025-02-24,updated_settings
986,379,2025-02-17,created_report
987,380,2025-03-03,invited_team_member
988,380,2025-03-09,created_report
989,380,2025-02-05,viewed_help_docs
990,380,2025-01-10,updated_settings
991,381,2024-12-30,imported_report
992,381,2025-03-16,imported_report
993,381,2025-02-10,viewed_help_docs
994,381,2025-02-19,updated_settings
995,383,2025-02-02,created_report
996,383,2025-02-08,created_report
997,383,2025-01-16,updated_settings
998,383,2025-02-11,invited_team_member
999,385,2025-02-07,created_report
1000,385,2025-03-05,created_report
1001,385,2025-03-02,invited_team_member
1002,385,2025-01-01,ran_dashboard_export
1003,387,2025-01-10,updated_settings
1004,387,2025-01-10,invited_team_member
1005,387,2025-01-10,created_report
1006,387,2025-01-10,viewed_help_docs
1007,391,2025-01-22,updated_settings
1008,391,2025-03-24,created_report
1009,391,2025-03-26,updated_settings
1010,391,2025-02-16,created_report
1011,392,2025-02-27,created_report
1012,392,2025-02-05,viewed_help_docs
1013,392,2025-03-10,viewed_help_docs
1014,392,2025-01-05,updated_settings
1015,393,2025-01-05,created_report
1016,393,2025-01-05,created_report
1017,393,2025-01-05,created_report
1018,393,2025-01-05,updated_settings
1019,394,2025-01-05,viewed_help_docs
1020,394,2025-01-05,created_report
1021,394,2025-01-10,ran_dashboard_export
1022,394,2025-01-05,viewed_help_docs
1023,395,2025-02-21,imported_report
1024,395,2025-01-15,applied_filter
1025,395,2025-04-04,imported_report
1026,395,2025-01-12,updated_settings
1027,399,2025-01-14,imported_report
1028,399,2025-04-07,applied_filter
1029,399,2025-03-16,imported_report
1030,399,2025-02-14,updated_settings
1031,401,2025-01-19,created_report
1032,401,2025-04-06,created_report
1033,401,2025-03-24,created_report
1034,401,2025-02-18,updated_settings
1035,403,2025-02-21,created_report
1036,403,2025-02-27,created_report
1037,403,2025-03-18,ran_dashboard_export
1038,403,2025-01-21,viewed_help_docs
1039,406,2025-01-16,created_report
1040,406,2025-01-17,ran_dashboard_export
1041,406,2025-01-18,created_report
1042,406,2025-01-19,ran_dashboard_export
1043,407,2025-01-17,updated_settings
1044,407,2025-01-18,updated_settings
1045,407,2025-01-19,created_report
1046,407,2025-01-20,viewed_help_docs
1047,408,2025-03-31,imported_report
1048,408,2025-01-24,updated_settings
1049,408,2025-04-14,imported_report
1050,408,2025-03-08,applied_filter
1051,411,2025-02-09,updated_settings
1052,411,2025-03-08,created_report
1053,411,2025-01-30,ran_dashboard_export
1054,411,2025-03-30,ran_dashboard_export
1055,412,2025-02-14,viewed_help_docs
1056,412,2025-03-15,updated_settings
1057,412,2025-03-02,created_report
1058,412,2025-02-03,ran_dashboard_export
1059,413,2025-02-26,created_report
1060,413,2025-02-09,viewed_help_docs
1061,413,2025-01-29,ran_dashboard_export
1062,413,2025-03-30,updated_settings
1063,414,2025-03-12,viewed_help_docs
1064,414,2025-04-10,updated_settings
1065,414,2025-03-15,ran_dashboard_export
1066,414,2025-04-22,updated_settings
1067,415,2025-03-26,created_report
1068,415,2025-04-23,ran_dashboard_export
1069,415,2025-04-07,updated_settings
1070,415,2025-04-22,updated_settings
1071,416,2025-03-06,imported_report
1072,416,2025-03-07,viewed_help_docs
1073,416,2025-03-18,updated_settings
1074,416,2025-02-21,updated_settings
1075,418,2025-02-15,imported_report
1076,418,2025-03-25,imported_report
1077,418,2025-02-04,updated_settings
1078,418,2025-04-09,applied_filter
1079,421,2025-01-31,viewed_help_docs
1080,421,2025-02-01,imported_report
1081,421,2025-02-02,imported_report
1082,421,2025-02-03,applied_filter
1083,422,2025-03-28,updated_settings
1084,422,2025-02-11,viewed_help_docs
1085,422,2025-04-22,imported_report
1086,422,2025-02-26,viewed_help_docs
1087,424,2025-04-02,viewed_help_docs
1088,424,2025-02-28,ran_dashboard_export
1089,424,2025-04-29,ran_dashboard_export
1090,424,2025-03-13,created_report
1091,425,2025-03-08,created_report
1092,425,2025-02-17,updated_settings
1093,425,2025-03-29,ran_dashboard_export
1094,425,2025-02-06,ran_dashboard_export
1095,426,2025-03-26,ran_dashboard_export
1096,426,2025-02-13,ran_dashboard_export
1097,426,2025-04-14,ran_dashboard_export
1098,426,2025-04-25,created_report
1099,427,2025-02-22,updated_settings
1100,427,2025-03-30,created_report
1101,427,2025-04-20,viewed_help_docs
1102,427,2025-03-25,ran_dashboard_export
1103,428,2025-04-25,imported_report
1104,428,2025-03-23,imported_report
1105,428,2025-04-20,applied_filter
1106,428,2025-04-04,viewed_help_docs
1107,429,2025-02-16,viewed_help_docs
1108,429,2025-03-15,viewed_help_docs
1109,429,2025-03-23,created_report
1110,429,2025-03-22,viewed_help_docs
1111,430,2025-03-18,created_report
1112,430,2025-05-04,updated_settings
1113,430,2025-04-30,created_report
1114,430,2025-04-15,created_report
1115,432,2025-03-11,updated_settings
1116,432,2025-03-05,created_report
1117,432,2025-05-04,ran_dashboard_export
1118,432,2025-03-08,updated_settings
1119,434,2025-04-27,ran_dashboard_export
1120,434,2025-02-28,created_report
1121,434,2025-05-06,created_report
1122,434,2025-02-26,updated_settings
1123,438,2025-03-04,ran_dashboard_export
1124,438,2025-04-05,updated_settings
1125,438,2025-04-25,created_report
1126,438,2025-05-14,updated_settings
1127,439,2025-04-04,viewed_help_docs
1128,439,2025-04-29,created_report
1129,439,2025-05-16,updated_settings
1130,439,2025-03-11,ran_dashboard_export
1131,440,2025-03-09,ran_dashboard_export
1132,440,2025-03-09,created_report
1133,440,2025-05-16,updated_settings
1134,440,2025-03-25,ran_dashboard_export
1135,443,2025-03-18,ran_dashboard_export
1136,443,2025-03-15,ran_dashboard_export
1137,443,2025-03-13,created_report
1138,443,2025-02-22,created_report
1139,444,2025-03-27,created_report
1140,444,2025-05-02,ran_dashboard_export
1141,444,2025-04-19,viewed_help_docs
1142,444,2025-05-14,ran_dashboard_export
1143,445,2025-04-23,created_report
1144,445,2025-04-30,ran_dashboard_export
1145,445,2025-05-21,created_report
1146,445,2025-05-24,ran_dashboard_export
1147,446,2025-04-09,created_report
1148,446,2025-03-19,ran_dashboard_export
1149,446,2025-05-06,created_report
1150,446,2025-04-30,updated_settings
1151,447,2025-03-18,ran_dashboard_export
1152,447,2025-03-19,created_report
1153,447,2025-03-14,viewed_help_docs
1154,447,2025-04-11,viewed_help_docs
1155,448,2025-04-13,viewed_help_docs
1156,448,2025-04-20,viewed_help_docs
1157,448,2025-03-24,ran_dashboard_export
1158,448,2025-03-05,created_report
1159,449,2025-02-28,viewed_help_docs
1160,449,2025-03-01,ran_dashboard_export
1161,449,2025-03-02,viewed_help_docs
1162,449,2025-03-03,created_report
1163,450,2025-01-10,created_report
1164,450,2025-02-03,created_report
1165,450,2025-01-12,updated_settings
1166,450,2025-01-09,viewed_help_docs
1167,451,2024-12-02,ran_dashboard_export
1168,451,2024-12-03,created_report
1169,451,2024-12-04,ran_dashboard_export
1170,451,2024-12-05,viewed_help_docs
1171,452,2025-02-22,ran_dashboard_export
1172,452,2025-02-22,ran_dashboard_export
1173,452,2024-12-31,updated_settings
1174,452,2024-12-20,created_report
1175,453,2024-12-04,ran_dashboard_export
1176,453,2024-12-09,created_report
1177,453,2024-12-23,created_report
1178,453,2024-12-29,viewed_help_docs
1179,454,2024-12-13,viewed_help_docs
1180,454,2024-12-20,created_report
1181,454,2025-02-20,ran_dashboard_export
1182,454,2025-02-11,ran_dashboard_export
1183,457,2024-12-12,viewed_help_docs
1184,457,2024-12-08,created_report
1185,457,2024-12-12,created_report
1186,457,2024-12-23,viewed_help_docs
1187,458,2025-01-21,viewed_help_docs
1188,458,2025-02-08,ran_dashboard_export
1189,458,2024-12-31,created_report
1190,458,2024-12-09,updated_settings
1191,459,2025-01-16,created_report
1192,459,2025-01-22,created_report
1193,459,2024-12-20,viewed_help_docs
1194,459,2025-03-04,ran_dashboard_export
1195,460,2025-02-20,created_report
1196,460,2025-01-21,updated_settings
1197,460,2025-02-16,viewed_help_docs
1198,460,2025-01-25,created_report
1199,461,2025-03-04,created_report
1200,461,2025-02-01,created_report
1201,461,2024-12-26,updated_settings
1202,461,2025-02-03,ran_dashboard_export
1203,462,2025-01-03,viewed_help_docs
1204,462,2025-03-07,created_report
1205,462,2025-02-25,viewed_help_docs
1206,462,2024-12-28,ran_dashboard_export
1207,465,2025-01-17,updated_settings
1208,465,2025-03-13,updated_settings
1209,465,2025-01-27,ran_dashboard_export
1210,465,2025-01-31,created_report
1211,467,2025-02-27,created_report
1212,467,2024-12-27,created_report
1213,467,2025-02-10,ran_dashboard_export
1214,467,2025-01-08,created_report
1215,468,2024-12-19,updated_settings
1216,468,2024-12-19,ran_dashboard_export
1217,468,2024-12-20,invited_team_member
1218,468,2024-12-21,ran_dashboard_export
1219,469,2025-03-13,ran_dashboard_export
1220,469,2025-03-08,updated_settings
1221,469,2024-12-29,created_report
1222,469,2025-01-03,ran_dashboard_export
1223,470,2025-01-07,created_report
1224,470,2024-12-25,ran_dashboard_export
1225,470,2024-12-23,ran_dashboard_export
1226,470,2025-03-15,updated_settings
1227,471,2025-01-16,viewed_help_docs
1228,471,2025-01-28,updated_settings
1229,471,2024-12-28,viewed_help_docs
1230,471,2025-01-04,ran_dashboard_export
1231,472,2025-03-14,viewed_help_docs
1232,472,2025-01-17,created_report
1233,472,2025-02-09,viewed_help_docs
1234,472,2025-01-31,ran_dashboard_export
1235,473,2025-03-23,ran_dashboard_export
1236,473,2025-02-01,viewed_help_docs
1237,473,2025-03-11,viewed_help_docs
1238,473,2025-02-18,created_report
1239,475,2024-12-26,ran_dashboard_export
1240,475,2024-12-27,created_report
1241,475,2024-12-28,ran_dashboard_export
1242,475,2024-12-26,updated_settings
1243,476,2025-02-23,viewed_help_docs
1244,476,2025-02-12,created_report
1245,476,2025-01-21,updated_settings
1246,476,2025-01-11,viewed_help_docs
1247,477,2025-01-19,ran_dashboard_export
1248,477,2025-03-17,ran_dashboard_export
1249,477,2025-02-28,created_report
1250,477,2025-03-01,created_report
1251,479,2024-12-30,updated_settings
1252,479,2024-12-31,created_report
1253,479,2025-01-01,ran_dashboard_export
1254,479,2025-01-02,updated_settings
1255,480,2025-03-24,updated_settings
1256,480,2025-03-02,created_report
1257,480,2025-02-05,ran_dashboard_export
1258,480,2025-03-20,created_report
1259,481,2025-01-07,ran_dashboard_export
1260,481,2025-02-22,viewed_help_docs
1261,481,2025-02-26,viewed_help_docs
1262,481,2025-01-25,created_report
1263,482,2025-01-11,viewed_help_docs
1264,482,2025-02-19,created_report
1265,482,2025-02-06,updated_settings
1266,482,2025-02-03,ran_dashboard_export
1267,483,2025-02-11,created_report
1268,483,2025-03-12,created_report
1269,483,2025-02-26,created_report
1270,483,2025-02-21,updated_settings
1271,484,2025-03-12,created_report
1272,484,2025-03-20,ran_dashboard_export
1273,484,2025-01-16,created_report
1274,484,2025-01-04,updated_settings
1275,486,2025-01-30,created_report
1276,486,2025-03-12,ran_dashboard_export
1277,486,2025-03-14,created_report
1278,486,2025-03-07,updated_settings
1279,487,2025-02-28,created_report
1280,487,2025-04-01,created_report
1281,487,2025-02-15,created_report
1282,487,2025-02-14,ran_dashboard_export
1283,488,2025-04-03,ran_dashboard_export
1284,488,2025-03-30,created_report
1285,488,2025-02-07,updated_settings
1286,488,2025-02-20,ran_dashboard_export
1287,490,2025-01-28,ran_dashboard_export
1288,490,2025-01-22,created_report
1289,490,2025-03-31,updated_settings
1290,490,2025-01-11,created_report
1291,491,2025-03-06,ran_dashboard_export
1292,491,2025-01-20,viewed_help_docs
1293,491,2025-03-03,created_report
1294,491,2025-04-10,ran_dashboard_export
1295,493,2025-01-13,ran_dashboard_export
1296,493,2025-01-14,created_report
1297,493,2025-01-15,viewed_help_docs
1298,493,2025-01-30,updated_settings
1299,494,2025-03-25,ran_dashboard_export
1300,494,2025-02-25,created_report
1301,494,2025-02-16,viewed_help_docs
1302,494,2025-03-04,ran_dashboard_export
1303,495,2025-03-19,created_report
1304,495,2025-01-15,created_report
1305,495,2025-01-19,ran_dashboard_export
1306,495,2025-01-16,ran_dashboard_export
1307,496,2025-02-26,created_report
1308,496,2025-03-17,ran_dashboard_export
1309,496,2025-01-30,ran_dashboard_export
1310,496,2025-01-23,created_report
1311,497,2025-03-17,updated_settings
1312,497,2025-03-31,ran_dashboard_export
1313,497,2025-01-20,viewed_help_docs
1314,497,2025-04-16,created_report
1315,499,2025-04-01,ran_dashboard_export
1316,499,2025-04-04,viewed_help_docs
1317,499,2025-02-08,ran_dashboard_export
1318,499,2025-02-16,created_report
1319,502,2025-03-11,viewed_help_docs
1320,502,2025-01-31,created_report
1321,502,2025-02-22,ran_dashboard_export
1322,502,2025-02-13,viewed_help_docs
1323,504,2025-03-26,created_report
1324,504,2025-02-19,updated_settings
1325,504,2025-04-07,updated_settings
1326,504,2025-02-28,invited_team_member
1327,506,2025-01-27,ran_dashboard_export
1328,506,2025-03-22,ran_dashboard_export
1329,506,2025-01-26,created_report
1330,506,2025-04-23,created_report
1331,507,2025-02-20,ran_dashboard_export
1332,507,2025-03-30,viewed_help_docs
1333,507,2025-02-11,created_report
1334,507,2025-03-25,viewed_help_docs
1335,508,2025-03-28,viewed_help_docs
1336,508,2025-04-12,ran_dashboard_export
1337,508,2025-03-30,ran_dashboard_export
1338,508,2025-02-02,created_report
1339,509,2025-04-04,created_report
1340,509,2025-02-04,ran_dashboard_export
1341,509,2025-03-14,viewed_help_docs
1342,509,2025-04-22,created_report
1343,510,2025-04-27,ran_dashboard_export
1344,510,2025-03-28,ran_dashboard_export
1345,510,2025-04-09,updated_settings
1346,510,2025-02-10,created_report
1347,511,2025-03-01,created_report
1348,511,2025-02-13,ran_dashboard_export
1349,511,2025-03-21,ran_dashboard_export
1350,511,2025-04-13,ran_dashboard_export
1351,513,2025-02-02,ran_dashboard_export
1352,513,2025-02-12,updated_settings
1353,513,2025-02-12,ran_dashboard_export
1354,513,2025-02-04,created_report
1355,514,2025-03-04,updated_settings
1356,514,2025-03-24,ran_dashboard_export
1357,514,2025-03-17,created_report
1358,514,2025-03-29,ran_dashboard_export
1359,515,2025-05-01,updated_settings
1360,515,2025-04-20,ran_dashboard_export
1361,515,2025-04-04,ran_dashboard_export
1362,515,2025-03-21,created_report
1363,517,2025-03-03,ran_dashboard_export
1364,517,2025-03-07,ran_dashboard_export
1365,517,2025-04-15,created_report
1366,517,2025-03-24,updated_settings
1367,518,2025-02-20,created_report
1368,518,2025-03-04,created_report
1369,518,2025-02-13,updated_settings
1370,518,2025-04-06,updated_settings
1371,519,2025-05-07,created_report
1372,519,2025-04-07,ran_dashboard_export
1373,519,2025-03-25,ran_dashboard_export
1374,519,2025-04-05,viewed_help_docs
1375,520,2025-02-09,updated_settings
1376,520,2025-02-16,created_report
1377,520,2025-02-09,viewed_help_docs
1378,520,2025-02-27,created_report
1379,523,2025-05-04,created_report
1380,523,2025-03-14,ran_dashboard_export
1381,523,2025-04-01,ran_dashboard_export
1382,523,2025-04-26,created_report
1383,524,2025-03-03,viewed_help_docs
1384,524,2025-03-11,updated_settings
1385,524,2025-02-27,ran_dashboard_export
1386,524,2025-03-04,created_report
1387,525,2025-04-13,created_report
1388,525,2025-03-10,viewed_help_docs
1389,525,2025-03-11,created_report
1390,525,2025-04-04,viewed_help_docs
1391,526,2025-02-15,ran_dashboard_export
1392,526,2025-02-28,ran_dashboard_export
1393,526,2025-02-23,created_report
1394,526,2025-02-28,updated_settings
1395,527,2025-03-19,viewed_help_docs
1396,527,2025-04-27,updated_settings
1397,527,2025-03-18,created_report
1398,527,2025-04-09,updated_settings
1399,528,2025-03-04,updated_settings
1400,528,2025-03-31,created_report
1401,528,2025-04-13,ran_dashboard_export
1402,528,2025-04-08,created_report
1403,529,2025-03-26,created_report
1404,529,2025-03-26,created_report
1405,529,2025-04-08,created_report
1406,529,2025-03-05,updated_settings
1407,530,2025-02-19,created_report
1408,530,2025-02-27,ran_dashboard_export
1409,530,2025-02-28,updated_settings
1410,530,2025-03-01,created_report
1411,531,2025-04-18,ran_dashboard_export
1412,531,2025-02-22,created_report
1413,531,2025-04-26,updated_settings
1414,531,2025-02-25,ran_dashboard_export
1415,532,2025-02-23,updated_settings
1416,532,2025-04-23,created_report
1417,532,2025-05-07,created_report
1418,532,2025-05-08,created_report
1419,533,2025-03-07,created_report
1420,533,2025-03-03,viewed_help_docs
1421,533,2025-03-08,updated_settings
1422,533,2025-04-21,viewed_help_docs
1423,537,2025-04-08,created_report
1424,537,2025-05-12,created_report
1425,537,2025-05-18,created_report
1426,537,2025-04-03,updated_settings
1427,545,2025-01-06,created_report
1428,545,2024-12-11,created_report
1429,545,2025-01-21,viewed_help_docs
1430,545,2025-01-25,ran_dashboard_export
1431,546,2024-12-20,updated_settings
1432,546,2024-12-30,created_report
1433,546,2024-12-09,ran_dashboard_export
1434,546,2025-02-23,created_report
1435,547,2025-01-01,ran_dashboard_export
1436,547,2025-01-11,updated_settings
1437,547,2025-01-16,created_report
1438,547,2025-03-04,updated_settings
1439,551,2025-01-26,ran_dashboard_export
1440,551,2025-02-10,updated_settings
1441,551,2024-12-16,created_report
1442,551,2025-02-07,ran_dashboard_export
1443,552,2025-02-19,created_report
1444,552,2025-02-16,ran_dashboard_export
1445,552,2024-12-30,updated_settings
1446,552,2024-12-19,viewed_help_docs
1447,553,2025-02-15,ran_dashboard_export
1448,553,2025-03-12,created_report
1449,553,2025-02-23,created_report
1450,553,2024-12-26,ran_dashboard_export
1451,555,2025-03-15,created_report
1452,555,2025-01-01,created_report
1453,555,2025-03-15,ran_dashboard_export
1454,555,2024-12-19,viewed_help_docs
1455,557,2025-02-02,created_report
1456,557,2025-02-20,created_report
1457,557,2025-02-21,viewed_help_docs
1458,557,2025-03-01,ran_dashboard_export
1459,558,2025-01-26,created_report
1460,558,2025-02-09,ran_dashboard_export
1461,558,2025-02-15,viewed_help_docs
1462,558,2025-03-06,updated_settings
1463,560,2025-03-18,created_report
1464,560,2025-02-03,viewed_help_docs
1465,560,2024-12-22,created_report
1466,560,2025-01-13,viewed_help_docs
1467,561,2025-02-21,updated_settings
1468,561,2025-02-11,ran_dashboard_export
1469,561,2024-12-26,created_report
1470,561,2025-02-05,created_report
1471,562,2025-01-20,ran_dashboard_export
1472,562,2024-12-25,ran_dashboard_export
1473,562,2025-01-28,updated_settings
1474,562,2024-12-24,created_report
1475,563,2025-02-24,updated_settings
1476,563,2025-02-17,ran_dashboard_export
1477,563,2025-02-21,created_report
1478,563,2025-01-15,updated_settings
1479,564,2025-03-23,created_report
1480,564,2025-03-17,updated_settings
1481,564,2025-03-08,ran_dashboard_export
1482,564,2025-01-27,ran_dashboard_export
1483,565,2025-01-30,created_report
1484,565,2025-03-14,viewed_help_docs
1485,565,2025-03-20,updated_settings
1486,565,2025-01-12,ran_dashboard_export
1487,566,2025-03-16,ran_dashboard_export
1488,566,2025-03-18,viewed_help_docs
1489,566,2025-03-15,viewed_help_docs
1490,566,2025-02-19,created_report
1491,567,2024-12-28,updated_settings
1492,567,2024-12-29,created_report
1493,567,2024-12-30,ran_dashboard_export
1494,567,2024-12-30,ran_dashboard_export
1495,568,2025-02-08,created_report
1496,568,2025-01-25,created_report
1497,568,2025-01-19,ran_dashboard_export
1498,568,2024-12-30,viewed_help_docs
1499,569,2025-01-14,updated_settings
1500,569,2025-01-19,created_report
1501,569,2025-03-05,updated_settings
1502,569,2025-03-09,updated_settings
1503,570,2025-03-04,ran_dashboard_export
1504,570,2025-03-12,created_report
1505,570,2025-02-19,viewed_help_docs
1506,570,2025-02-01,viewed_help_docs
1507,571,2025-02-17,created_report
1508,571,2025-01-19,ran_dashboard_export
1509,571,2025-03-17,ran_dashboard_export
1510,571,2025-01-01,updated_settings
1511,573,2025-01-27,ran_dashboard_export
1512,573,2025-01-27,ran_dashboard_export
1513,573,2025-01-27,viewed_help_docs
1514,573,2025-01-19,created_report
1515,575,2025-02-18,ran_dashboard_export
1516,575,2025-03-12,created_report
1517,575,2025-03-08,updated_settings
1518,575,2025-01-27,ran_dashboard_export
1519,576,2025-01-27,ran_dashboard_export
1520,576,2025-01-28,updated_settings
1521,576,2025-01-24,updated_settings
1522,576,2025-01-24,created_report
1523,577,2025-03-19,updated_settings
1524,577,2025-03-31,created_report
1525,577,2025-04-03,ran_dashboard_export
1526,577,2025-01-18,created_report
1527,578,2025-02-17,created_report
1528,578,2025-03-11,created_report
1529,578,2025-03-14,updated_settings
1530,578,2025-03-29,updated_settings
1531,579,2025-01-14,viewed_help_docs
1532,579,2025-01-24,ran_dashboard_export
1533,579,2025-01-09,created_report
1534,579,2025-02-13,viewed_help_docs
1535,580,2025-04-09,ran_dashboard_export
1536,580,2025-01-12,created_report
1537,580,2025-04-02,updated_settings
1538,580,2025-03-11,updated_settings
1539,581,2025-03-09,created_report
1540,581,2025-01-30,viewed_help_docs
1541,581,2025-02-14,created_report
1542,581,2025-03-27,ran_dashboard_export
1543,582,2025-01-13,created_report
1544,582,2025-03-23,ran_dashboard_export
1545,582,2025-04-08,ran_dashboard_export
1546,582,2025-03-24,updated_settings
1547,583,2025-01-18,ran_dashboard_export
1548,583,2025-03-01,ran_dashboard_export
1549,583,2025-02-13,created_report
1550,583,2025-02-12,ran_dashboard_export
1551,584,2025-02-10,ran_dashboard_export
1552,584,2025-03-17,created_report
1553,584,2025-01-22,updated_settings
1554,584,2025-03-23,ran_dashboard_export
1555,585,2025-03-18,ran_dashboard_export
1556,585,2025-03-04,updated_settings
1557,585,2025-01-25,created_report
1558,585,2025-02-13,created_report
1559,586,2025-01-27,updated_settings
1560,586,2025-04-11,ran_dashboard_export
1561,586,2025-02-28,updated_settings
1562,586,2025-03-14,created_report
1563,587,2025-04-03,updated_settings
1564,587,2025-03-09,updated_settings
1565,587,2025-03-11,ran_dashboard_export
1566,587,2025-02-22,created_report
1567,588,2025-01-20,created_report
1568,588,2025-02-04,ran_dashboard_export
1569,588,2025-02-18,viewed_help_docs
1570,588,2025-04-16,created_report
1571,589,2025-04-09,created_report
1572,589,2025-01-31,viewed_help_docs
1573,589,2025-03-21,updated_settings
1574,589,2025-02-17,ran_dashboard_export
1575,590,2025-02-07,viewed_help_docs
1576,590,2025-02-09,viewed_help_docs
1577,590,2025-02-07,created_report
1578,590,2025-01-27,ran_dashboard_export
1579,593,2025-02-19,created_report
1580,593,2025-01-29,updated_settings
1581,593,2025-03-03,ran_dashboard_export
1582,593,2025-04-22,viewed_help_docs
1583,594,2025-02-07,viewed_help_docs
1584,594,2025-02-15,created_report
1585,594,2025-02-15,updated_settings
1586,594,2025-02-15,ran_dashboard_export
1587,595,2025-02-16,created_report
1588,595,2025-02-22,updated_settings
1589,595,2025-02-16,created_report
1590,595,2025-02-16,ran_dashboard_export
1591,596,2025-02-02,ran_dashboard_export
1592,596,2025-02-05,created_report
1593,596,2025-02-05,ran_dashboard_export
1594,596,2025-02-02,updated_settings
1595,599,2025-01-31,updated_settings
1596,599,2025-02-01,created_report
1597,599,2025-02-02,ran_dashboard_export
1598,599,2025-02-03,updated_settings
1599,600,2025-02-06,viewed_help_docs
1600,600,2025-03-26,updated_settings
1601,600,2025-03-19,ran_dashboard_export
1602,600,2025-02-12,created_report
1603,601,2025-02-18,created_report
1604,601,2025-02-19,ran_dashboard_export
1605,601,2025-02-20,created_report
1606,601,2025-02-21,viewed_help_docs
1607,602,2025-04-13,created_report
1608,602,2025-03-16,viewed_help_docs
1609,602,2025-03-12,created_report
1610,602,2025-04-23,updated_settings
1611,606,2025-04-03,created_report
1612,606,2025-04-19,updated_settings
1613,606,2025-05-03,created_report
1614,606,2025-04-13,created_report
1615,607,2025-03-06,updated_settings
1616,607,2025-02-15,updated_settings
1617,607,2025-03-02,updated_settings
1618,607,2025-03-10,created_report
1619,608,2025-04-23,viewed_help_docs
1620,608,2025-02-16,updated_settings
1621,608,2025-04-08,created_report
1622,608,2025-02-11,updated_settings
1623,609,2025-02-14,created_report
1624,609,2025-04-14,updated_settings
1625,609,2025-03-23,ran_dashboard_export
1626,609,2025-05-07,ran_dashboard_export
1627,610,2025-04-25,ran_dashboard_export
1628,610,2025-05-09,ran_dashboard_export
1629,610,2025-04-03,created_report
1630,610,2025-05-05,updated_settings
1631,613,2025-02-25,updated_settings
1632,613,2025-02-26,ran_dashboard_export
1633,613,2025-02-27,created_report
1634,613,2025-02-28,viewed_help_docs
1635,614,2025-03-21,ran_dashboard_export
1636,614,2025-04-17,updated_settings
1637,614,2025-02-19,created_report
1638,614,2025-02-28,updated_settings
1639,615,2025-02-19,updated_settings
1640,615,2025-02-19,viewed_help_docs
1641,615,2025-02-18,updated_settings
1642,615,2025-03-05,created_report
1643,617,2025-03-03,updated_settings
1644,617,2025-02-25,created_report
1645,617,2025-04-12,created_report
1646,617,2025-02-25,ran_dashboard_export
1647,618,2025-03-19,ran_dashboard_export
1648,618,2025-04-30,created_report
1649,618,2025-02-27,updated_settings
1650,618,2025-05-09,ran_dashboard_export
1651,619,2025-03-05,ran_dashboard_export
1652,619,2025-05-14,created_report
1653,619,2025-05-03,updated_settings
1654,619,2025-04-18,created_report
1655,620,2025-05-03,created_report
1656,620,2025-03-26,updated_settings
1657,620,2025-03-19,viewed_help_docs
1658,620,2025-05-01,created_report
1659,621,2025-03-29,created_report
1660,621,2025-04-13,created_report
1661,621,2025-04-27,ran_dashboard_export
1662,621,2025-02-21,updated_settings
1663,622,2025-05-21,created_report
1664,622,2025-04-02,ran_dashboard_export
1665,622,2025-04-09,created_report
1666,622,2025-03-31,viewed_help_docs
1667,623,2025-03-17,updated_settings
1668,623,2025-04-29,created_report
1669,623,2025-03-25,ran_dashboard_export
1670,623,2025-04-22,created_report
1671,624,2025-05-20,updated_settings
1672,624,2025-04-04,updated_settings
1673,624,2025-04-07,updated_settings
1674,624,2025-05-18,created_report
1675,625,2025-05-04,created_report
1676,625,2025-05-08,viewed_help_docs
1677,625,2025-04-16,created_report
1678,625,2025-03-06,created_report
1679,626,2025-05-13,viewed_help_docs
1680,626,2025-05-13,updated_settings
1681,626,2025-05-11,ran_dashboard_export
1682,626,2025-04-25,created_report
1683,627,2025-02-26,updated_settings
1684,627,2025-02-27,ran_dashboard_export
1685,627,2025-02-28,created_report
1686,627,2025-03-01,ran_dashboard_export
1687,629,2025-04-30,viewed_help_docs
1688,629,2025-05-28,created_report
1689,629,2025-03-14,created_report
1690,629,2025-05-20,ran_dashboard_export
1691,630,2025-02-22,created_report
1692,630,2025-01-22,ran_dashboard_export
1693,630,2024-12-28,viewed_help_docs
1694,630,2025-01-10,created_report
1695,631,2025-01-23,ran_dashboard_export
1696,631,2025-01-09,created_report
1697,631,2025-01-03,updated_settings
1698,631,2025-01-02,updated_settings
1699,632,2025-01-28,created_report
1700,632,2025-01-13,ran_dashboard_export
1701,632,2025-01-25,ran_dashboard_export
1702,632,2025-01-10,updated_settings
1703,633,2025-01-01,ran_dashboard_export
1704,633,2025-02-07,created_report
1705,633,2025-01-27,viewed_help_docs
1706,633,2025-01-04,viewed_help_docs
1707,635,2025-02-14,ran_dashboard_export
1708,635,2025-02-15,created_report
1709,635,2024-12-31,created_report
1710,635,2025-02-07,created_report
1711,636,2025-02-23,viewed_help_docs
1712,636,2025-02-08,ran_dashboard_export
1713,636,2025-02-06,created_report
1714,636,2025-01-13,updated_settings
1715,637,2025-01-04,updated_settings
1716,637,2024-12-31,created_report
1717,637,2025-01-22,updated_settings
1718,637,2025-02-15,viewed_help_docs
1719,638,2024-12-11,updated_settings
1720,638,2024-12-17,created_report
1721,638,2025-01-02,updated_settings
1722,638,2025-01-03,ran_dashboard_export
1723,639,2024-12-27,ran_dashboard_export
1724,639,2025-02-12,viewed_help_docs
1725,639,2025-02-06,viewed_help_docs
1726,639,2025-01-09,created_report
1727,643,2025-01-03,updated_settings
1728,643,2025-02-12,ran_dashboard_export
1729,643,2025-01-04,created_report
1730,643,2025-02-18,created_report
1731,644,2025-01-15,created_report
1732,644,2025-02-02,updated_settings
1733,644,2024-12-19,ran_dashboard_export
1734,644,2025-01-05,created_report
1735,646,2025-01-16,ran_dashboard_export
1736,646,2025-01-17,created_report
1737,646,2024-12-30,updated_settings
1738,646,2025-01-27,viewed_help_docs
1739,648,2025-01-04,created_report
1740,648,2025-01-12,ran_dashboard_export
1741,648,2024-12-26,created_report
1742,648,2024-12-29,viewed_help_docs
1743,649,2025-01-15,updated_settings
1744,649,2025-02-14,created_report
1745,649,2025-01-15,created_report
1746,649,2025-01-30,created_report
1747,651,2025-02-18,created_report
1748,651,2025-01-15,ran_dashboard_export
1749,651,2025-03-19,created_report
1750,651,2025-02-10,viewed_help_docs
1751,653,2025-02-11,ran_dashboard_export
1752,653,2025-01-19,created_report
1753,653,2025-03-13,ran_dashboard_export
1754,653,2025-01-22,updated_settings
1755,654,2025-01-27,created_report
1756,654,2025-01-28,created_report
1757,654,2025-02-23,updated_settings
1758,654,2025-01-22,created_report
1759,655,2025-02-12,ran_dashboard_export
1760,655,2025-03-09,created_report
1761,655,2025-01-01,viewed_help_docs
1762,655,2024-12-28,ran_dashboard_export
1763,656,2024-12-29,created_report
1764,656,2025-01-06,ran_dashboard_export
1765,656,2025-01-07,created_report
1766,656,2024-12-29,viewed_help_docs
1767,657,2025-03-20,updated_settings
1768,657,2025-01-17,ran_dashboard_export
1769,657,2025-02-07,viewed_help_docs
1770,657,2025-02-27,ran_dashboard_export
1771,659,2025-01-21,created_report
1772,659,2025-02-02,created_report
1773,659,2025-01-24,created_report
1774,659,2025-01-18,viewed_help_docs
1775,661,2025-03-07,updated_settings
1776,661,2025-02-13,updated_settings
1777,661,2025-03-23,viewed_help_docs
1778,661,2025-02-23,created_report
1779,663,2025-01-25,created_report
1780,663,2025-01-30,created_report
1781,663,2025-01-14,updated_settings
1782,663,2025-03-06,updated_settings
1783,664,2025-01-31,created_report
1784,664,2025-01-24,viewed_help_docs
1785,664,2025-01-25,viewed_help_docs
1786,664,2025-02-05,ran_dashboard_export
1787,665,2025-02-17,created_report
1788,665,2025-03-21,viewed_help_docs
1789,665,2025-02-09,ran_dashboard_export
1790,665,2025-02-21,updated_settings
1791,667,2025-02-16,viewed_help_docs
1792,667,2025-01-28,ran_dashboard_export
1793,667,2025-01-16,viewed_help_docs
1794,667,2025-02-20,created_report
1795,668,2025-01-19,viewed_help_docs
1796,668,2025-01-20,created_report
1797,668,2025-01-24,updated_settings
1798,668,2025-01-16,viewed_help_docs
1799,669,2025-03-07,created_report
1800,669,2025-02-18,ran_dashboard_export
1801,669,2025-01-17,ran_dashboard_export
1802,669,2025-02-18,created_report
1803,670,2025-01-15,created_report
1804,670,2025-02-28,viewed_help_docs
1805,670,2025-02-03,updated_settings
1806,670,2025-02-13,updated_settings
1807,671,2025-02-17,ran_dashboard_export
1808,671,2025-04-08,updated_settings
1809,671,2025-02-28,created_report
1810,671,2025-03-13,created_report
1811,673,2025-04-12,created_report
1812,673,2025-04-12,updated_settings
1813,673,2025-01-28,viewed_help_docs
1814,673,2025-03-06,ran_dashboard_export
1815,674,2025-01-17,updated_settings
1816,674,2025-04-01,created_report
1817,674,2025-01-30,ran_dashboard_export
1818,674,2025-02-09,updated_settings
1819,676,2025-03-07,updated_settings
1820,676,2025-01-19,created_report
1821,676,2025-04-04,created_report
1822,676,2025-02-14,created_report
1823,677,2025-04-03,created_report
1824,677,2025-03-05,created_report
1825,677,2025-02-14,viewed_help_docs
1826,677,2025-03-14,updated_settings
1827,678,2025-03-16,updated_settings
1828,678,2025-02-24,viewed_help_docs
1829,678,2025-02-13,updated_settings
1830,678,2025-03-06,created_report
1831,679,2025-03-01,viewed_help_docs
1832,679,2025-03-05,created_report
1833,679,2025-02-07,viewed_help_docs
1834,679,2025-03-08,updated_settings
1835,681,2025-03-22,updated_settings
1836,681,2025-02-09,viewed_help_docs
1837,681,2025-03-14,ran_dashboard_export
1838,681,2025-02-15,created_report
1839,682,2025-02-06,created_report
1840,682,2025-03-19,ran_dashboard_export
1841,682,2025-03-09,created_report
1842,682,2025-01-29,updated_settings
1843,683,2025-02-03,updated_settings
1844,683,2025-04-20,created_report
1845,683,2025-04-17,updated_settings
1846,683,2025-04-18,created_report
1847,684,2025-02-08,ran_dashboard_export
1848,684,2025-03-15,created_report
1849,684,2025-02-02,updated_settings
1850,684,2025-02-11,updated_settings
1851,686,2025-02-11,ran_dashboard_export
1852,686,2025-03-14,updated_settings
1853,686,2025-03-17,updated_settings
1854,686,2025-04-18,created_report
1855,687,2025-04-25,created_report
1856,687,2025-02-03,created_report
1857,687,2025-04-26,ran_dashboard_export
1858,687,2025-04-12,ran_dashboard_export
1859,688,2025-03-02,updated_settings
1860,688,2025-02-06,created_report
1861,688,2025-01-31,viewed_help_docs
1862,688,2025-01-30,created_report
1863,689,2025-02-03,created_report
1864,689,2025-02-01,ran_dashboard_export
1865,689,2025-02-15,updated_settings
1866,689,2025-02-14,viewed_help_docs
1867,690,2025-04-10,created_report
1868,690,2025-02-06,ran_dashboard_export
1869,690,2025-03-10,ran_dashboard_export
1870,690,2025-02-21,viewed_help_docs
1871,691,2025-04-12,created_report
1872,691,2025-03-22,ran_dashboard_export
1873,691,2025-04-07,created_report
1874,691,2025-04-16,ran_dashboard_export
1875,692,2025-04-12,viewed_help_docs
1876,692,2025-03-17,updated_settings
1877,692,2025-02-22,created_report
1878,692,2025-04-14,updated_settings
1879,693,2025-04-04,created_report
1880,693,2025-04-19,viewed_help_docs
1881,693,2025-04-02,created_report
1882,693,2025-04-15,ran_dashboard_export
1883,694,2025-02-12,viewed_help_docs
1884,694,2025-02-17,viewed_help_docs
1885,694,2025-02-07,created_report
1886,694,2025-02-18,updated_settings
1887,696,2025-02-10,created_report
1888,696,2025-02-28,viewed_help_docs
1889,696,2025-02-19,viewed_help_docs
1890,696,2025-04-23,ran_dashboard_export
1891,697,2025-04-13,created_report
1892,697,2025-03-07,viewed_help_docs
1893,697,2025-04-20,ran_dashboard_export
1894,697,2025-04-30,ran_dashboard_export
1895,698,2025-03-14,updated_settings
1896,698,2025-04-11,updated_settings
1897,698,2025-03-28,viewed_help_docs
1898,698,2025-04-29,created_report
1899,699,2025-02-18,ran_dashboard_export
1900,699,2025-02-24,created_report
1901,699,2025-04-05,viewed_help_docs
1902,699,2025-04-04,created_report
1903,702,2025-03-15,viewed_help_docs
1904,702,2025-04-15,updated_settings
1905,702,2025-04-13,viewed_help_docs
1906,702,2025-02-20,created_report
1907,703,2025-04-10,ran_dashboard_export
1908,703,2025-04-04,created_report
1909,703,2025-03-15,ran_dashboard_export
1910,703,2025-05-05,viewed_help_docs
1911,704,2025-02-24,created_report
1912,704,2025-04-23,ran_dashboard_export
1913,704,2025-02-23,created_report
1914,704,2025-03-28,created_report
1915,707,2025-03-07,viewed_help_docs
1916,707,2025-03-23,created_report
1917,707,2025-03-24,ran_dashboard_export
1918,707,2025-05-13,updated_settings
1919,708,2025-03-24,updated_settings
1920,708,2025-03-05,ran_dashboard_export
1921,708,2025-05-04,ran_dashboard_export
1922,708,2025-05-17,created_report
1923,709,2025-03-27,created_report
1924,709,2025-05-16,ran_dashboard_export
1925,709,2025-05-18,updated_settings
1926,709,2025-05-07,created_report
1927,710,2025-03-01,ran_dashboard_export
1928,710,2025-02-24,updated_settings
1929,710,2025-03-01,created_report
1930,710,2025-04-01,viewed_help_docs
1931,712,2025-05-01,created_report
1932,712,2025-03-25,created_report
1933,712,2025-03-11,updated_settings
1934,712,2025-03-18,ran_dashboard_export
1935,714,2025-03-20,viewed_help_docs
1936,714,2025-03-31,created_report
1937,714,2025-03-20,created_report
1938,714,2025-02-23,ran_dashboard_export
1939,715,2025-03-10,created_report
1940,715,2025-04-19,ran_dashboard_export
1941,715,2025-04-29,created_report
1942,715,2025-05-24,created_report
1943,716,2025-04-11,created_report
1944,716,2025-03-30,created_report
1945,716,2025-04-01,viewed_help_docs
1946,716,2025-05-08,ran_dashboard_export
1947,718,2025-05-18,ran_dashboard_export
1948,718,2025-03-22,updated_settings
1949,718,2025-03-27,created_report
1950,718,2025-03-09,ran_dashboard_export
1951,720,2024-12-02,viewed_help_docs
1952,720,2025-01-22,created_report
1953,720,2025-01-05,updated_settings
1954,720,2024-12-02,created_report
1955,721,2024-12-25,ran_dashboard_export
1956,721,2024-12-25,viewed_help_docs
1957,721,2024-12-19,created_report
1958,721,2025-01-07,created_report
1959,722,2025-01-18,ran_dashboard_export
1960,722,2025-01-05,viewed_help_docs
1961,722,2024-12-11,created_report
1962,722,2025-02-08,created_report
1963,723,2024-12-23,viewed_help_docs
1964,723,2025-01-07,updated_settings
1965,723,2025-02-28,created_report
1966,723,2025-01-31,viewed_help_docs
1967,724,2025-02-17,ran_dashboard_export
1968,724,2025-01-04,created_report
1969,724,2024-12-28,created_report
1970,724,2025-01-02,ran_dashboard_export
1971,725,2025-02-04,viewed_help_docs
1972,725,2025-02-25,ran_dashboard_export
1973,725,2025-02-17,created_report
1974,725,2025-01-12,updated_settings
1975,728,2025-03-08,ran_dashboard_export
1976,728,2025-01-15,ran_dashboard_export
1977,728,2025-02-04,created_report
1978,728,2025-03-08,viewed_help_docs
1979,729,2025-02-12,updated_settings
1980,729,2025-02-04,created_report
1981,729,2025-02-25,created_report
1982,729,2025-02-16,viewed_help_docs
1983,730,2025-01-22,created_report
1984,730,2024-12-12,ran_dashboard_export
1985,730,2024-12-12,ran_dashboard_export
1986,730,2024-12-12,viewed_help_docs
1987,731,2024-12-16,ran_dashboard_export
1988,731,2024-12-23,updated_settings
1989,731,2024-12-16,viewed_help_docs
1990,731,2024-12-16,created_report
1991,733,2024-12-26,created_report
1992,733,2024-12-16,ran_dashboard_export
1993,733,2024-12-16,created_report
1994,733,2025-01-23,viewed_help_docs
1995,734,2024-12-18,viewed_help_docs
1996,734,2025-01-09,created_report
1997,734,2024-12-18,viewed_help_docs
1998,734,2024-12-17,created_report
1999,735,2024-12-24,created_report
2000,735,2024-12-24,viewed_help_docs
2001,735,2024-12-24,updated_settings
2002,735,2025-01-04,viewed_help_docs
2003,736,2025-02-04,created_report
2004,736,2024-12-25,viewed_help_docs
2005,736,2024-12-25,ran_dashboard_export
2006,736,2025-02-28,ran_dashboard_export
2007,737,2024-12-26,viewed_help_docs
2008,737,2024-12-25,updated_settings
2009,737,2024-12-25,created_report
2010,737,2024-12-26,created_report
2011,739,2024-12-26,viewed_help_docs
2012,739,2024-12-26,created_report
2013,739,2024-12-27,ran_dashboard_export
2014,739,2025-01-06,viewed_help_docs
2015,742,2024-12-27,viewed_help_docs
2016,742,2024-12-27,updated_settings
2017,742,2024-12-27,created_report
2018,742,2024-12-27,invited_team_member
2019,743,2025-01-05,updated_settings
2020,743,2024-12-27,created_report
2021,743,2024-12-27,updated_settings
2022,743,2024-12-27,viewed_help_docs
2023,744,2025-01-03,ran_dashboard_export
2024,744,2025-01-03,ran_dashboard_export
2025,744,2025-01-03,viewed_help_docs
2026,744,2025-01-27,created_report
2027,745,2025-01-03,viewed_help_docs
2028,745,2025-01-03,updated_settings
2029,745,2025-01-06,created_report
2030,745,2025-01-17,ran_dashboard_export
2031,748,2025-01-05,viewed_help_docs
2032,748,2025-01-12,ran_dashboard_export
2033,748,2025-01-09,viewed_help_docs
2034,748,2025-01-05,created_report
2035,749,2025-02-19,viewed_help_docs
2036,749,2025-01-31,updated_settings
2037,749,2025-01-25,created_report
2038,749,2025-01-27,ran_dashboard_export
2039,750,2025-02-21,viewed_help_docs
2040,750,2025-01-12,created_report
2041,750,2025-03-20,ran_dashboard_export
2042,750,2025-02-04,viewed_help_docs
2043,751,2025-01-25,ran_dashboard_export
2044,751,2025-01-07,viewed_help_docs
2045,751,2025-01-01,ran_dashboard_export
2046,751,2025-01-24,created_report
2047,752,2025-03-31,ran_dashboard_export
2048,752,2025-01-05,created_report
2049,752,2025-01-02,ran_dashboard_export
2050,752,2025-01-20,viewed_help_docs
2051,753,2025-01-15,created_report
2052,753,2025-01-10,created_report
2053,753,2025-01-05,updated_settings
2054,753,2025-01-07,ran_dashboard_export
2055,755,2025-03-29,ran_dashboard_export
2056,755,2025-03-19,ran_dashboard_export
2057,755,2025-01-13,created_report
2058,755,2025-01-26,updated_settings
2059,756,2025-01-19,updated_settings
2060,756,2025-02-24,updated_settings
2061,756,2025-02-10,created_report
2062,756,2025-01-22,created_report
2063,759,2025-03-29,viewed_help_docs
2064,759,2025-01-17,viewed_help_docs
2065,759,2025-01-25,invited_team_member
2066,759,2025-01-14,created_report
2067,760,2025-02-23,created_report
2068,760,2025-02-16,viewed_help_docs
2069,760,2025-02-14,created_report
2070,760,2025-03-19,updated_settings
2071,761,2025-01-15,viewed_help_docs
2072,761,2025-01-21,invited_team_member
2073,761,2025-01-31,created_report
2074,761,2025-03-27,created_report
2075,762,2025-03-15,created_report
2076,762,2025-01-27,created_report
2077,762,2025-01-19,updated_settings
2078,762,2025-04-08,viewed_help_docs
2079,764,2025-04-12,created_report
2080,764,2025-03-29,created_report
2081,764,2025-01-26,invited_team_member
2082,764,2025-02-21,updated_settings
2083,765,2025-02-04,invited_team_member
2084,765,2025-03-30,viewed_help_docs
2085,765,2025-03-18,created_report
2086,765,2025-02-28,updated_settings
2087,766,2025-02-12,invited_team_member
2088,766,2025-01-30,ran_dashboard_export
2089,766,2025-02-15,created_report
2090,766,2025-02-18,created_report
2091,768,2025-02-10,invited_team_member
2092,768,2025-02-19,invited_team_member
2093,768,2025-02-19,viewed_help_docs
2094,768,2025-01-19,created_report
2095,769,2025-01-24,created_report
2096,769,2025-04-09,created_report
2097,769,2025-03-02,invited_team_member
2098,769,2025-02-17,viewed_help_docs
2099,770,2025-04-08,viewed_help_docs
2100,770,2025-01-31,created_report
2101,770,2025-01-24,viewed_help_docs
2102,770,2025-01-30,updated_settings
2103,771,2025-01-31,invited_team_member
2104,771,2025-02-06,updated_settings
2105,771,2025-03-31,created_report
2106,771,2025-04-19,ran_dashboard_export
2107,774,2025-02-15,created_report
2108,774,2025-02-26,ran_dashboard_export
2109,774,2025-02-03,viewed_help_docs
2110,774,2025-02-20,created_report
2111,778,2025-03-30,created_report
2112,778,2025-01-30,updated_settings
2113,778,2025-03-09,invited_team_member
2114,778,2025-03-14,invited_team_member
2115,781,2025-03-28,created_report
2116,781,2025-02-27,viewed_help_docs
2117,781,2025-04-14,ran_dashboard_export
2118,781,2025-02-10,updated_settings
2119,782,2025-03-28,created_report
2120,782,2025-04-06,invited_team_member
2121,782,2025-04-24,created_report
2122,782,2025-04-17,updated_settings
2123,783,2025-04-26,updated_settings
2124,783,2025-04-17,viewed_help_docs
2125,783,2025-04-16,created_report
2126,783,2025-03-05,invited_team_member
2127,785,2025-04-20,updated_settings
2128,785,2025-03-25,created_report
2129,785,2025-04-14,invited_team_member
2130,785,2025-04-18,invited_team_member
2131,786,2025-04-09,invited_team_member
2132,786,2025-03-18,created_report
2133,786,2025-03-17,created_report
2134,786,2025-02-07,created_report
2135,787,2025-03-10,created_report
2136,787,2025-02-18,invited_team_member
2137,787,2025-04-03,created_report
2138,787,2025-04-05,invited_team_member
2139,788,2025-03-05,viewed_help_docs
2140,788,2025-04-06,invited_team_member
2141,788,2025-03-07,updated_settings
2142,788,2025-02-20,invited_team_member
2143,789,2025-03-29,created_report
2144,789,2025-03-17,viewed_help_docs
2145,789,2025-02-23,invited_team_member
2146,789,2025-03-27,updated_settings
2147,794,2025-03-23,ran_dashboard_export
2148,794,2025-03-26,created_report
2149,794,2025-02-19,updated_settings
2150,794,2025-03-05,created_report
2151,795,2025-05-14,viewed_help_docs
2152,795,2025-02-14,created_report
2153,795,2025-04-08,invited_team_member
2154,795,2025-03-27,updated_settings
2155,798,2025-03-18,updated_settings
2156,798,2025-05-07,created_report
2157,798,2025-02-26,viewed_help_docs
2158,798,2025-05-08,invited_team_member
2159,799,2025-03-12,created_report
2160,799,2025-03-07,invited_team_member
2161,799,2025-03-21,updated_settings
2162,799,2025-03-06,invited_team_member
2163,800,2025-02-22,ran_dashboard_export
2164,800,2025-02-22,created_report
2165,800,2025-02-22,created_report
2166,800,2025-02-22,viewed_help_docs
2167,801,2025-03-01,created_report
2168,802,2025-04-01,created_report
2169,803,2025-03-24,created_report
2170,804,2025-04-01,created_report
2171,805,2025-03-24,created_report
2172,806,2025-03-01,created_report
2173,807,2025-04-01,created_report
2174,808,2025-03-24,created_report
2175,809,2025-03-01,created_report
2176,810,2024-12-07,created_report
2177,811,2024-12-04,created_report
2178,812,2024-12-04,created_report
2179,813,2025-03-24,created_report
2180,814,2025-03-24,created_report
2181,815,2024-12-07,created_report
2182,816,2025-03-24,created_report
2183,817,2024-12-11,created_report
2184,818,2025-01-16,created_report
2185,819,2025-01-16,created_report
2186,820,2025-01-16,created_report
2187,821,2025-01-16,created_report
2188,822,2025-01-16,created_report
2189,823,2024-12-18,created_report
2190,824,2024-12-18,created_report
2191,825,2024-12-18,created_report
2192,826,2024-12-18,created_report
2193,827,2024-12-18,created_report
2194,828,2024-12-22,created_report
2195,829,2025-01-26,created_report
2196,830,2024-12-22,created_report
2197,831,2024-12-22,created_report
2198,832,2025-01-26,created_report
2199,833,2025-01-07,created_report
2200,834,2025-01-07,created_report
2201,835,2025-01-07,created_report
2202,836,2025-01-07,created_report
2203,837,2025-01-07,created_report
2204,838,2025-01-07,created_report
2205,839,2025-01-07,created_report
2206,840,2025-01-07,created_report
2207,841,2025-01-07,created_report
2208,842,2025-01-07,created_report
2209,843,2025-01-07,created_report
2210,844,2025-01-07,created_report
2211,845,2025-01-07,created_report
2212,846,2025-01-07,created_report
2213,847,2025-01-07,created_report
2214,848,2025-01-15,created_report
2215,849,2025-01-15,created_report
2216,850,2025-01-15,created_report
2217,851,2025-01-15,created_report
2218,852,2025-01-15,created_report
2219,853,2025-01-21,created_report
2220,854,2025-01-14,created_report
2221,855,2025-02-18,created_report
2222,856,2025-01-25,created_report
2223,857,2025-02-20,created_report
2224,858,2025-01-26,created_report
2225,859,2025-01-26,created_report
2226,860,2025-01-26,created_report
2227,861,2025-01-26,created_report
2228,862,2025-01-26,created_report
2229,863,2025-01-26,created_report
2230,864,2025-01-26,created_report
2231,865,2025-01-26,created_report
2232,866,2025-01-26,created_report
2233,867,2025-01-28,created_report
2234,868,2025-01-28,created_report
2235,869,2025-03-04,created_report
2236,870,2025-02-07,created_report
2237,871,2025-02-07,created_report
2238,872,2025-02-07,created_report
2239,873,2025-02-07,created_report
2240,874,2025-02-07,created_report
2241,875,2025-02-07,created_report
2242,876,2025-02-07,created_report
2243,877,2025-02-07,created_report
2244,878,2025-02-07,created_report
2245,879,2025-02-15,created_report
2246,880,2025-02-15,created_report
2247,881,2025-02-15,created_report
2248,882,2025-02-15,created_report
2249,883,2025-03-18,created_report
2250,884,2025-02-18,created_report
2251,885,2025-02-18,created_report
2252,886,2025-02-18,created_report
2253,887,2025-02-18,created_report
2254,888,2025-02-18,created_report
2255,889,2025-02-18,created_report
2256,890,2025-02-21,created_report
2257,891,2025-03-26,created_report
2258,892,2025-02-24,created_report
2259,893,2025-02-24,created_report
2260,894,2025-02-24,created_report
2261,895,2025-02-24,created_report
2262,896,2025-02-27,created_report
2263,897,2025-04-01,created_report
2264,898,2025-03-02,created_report
2265,899,2025-03-02,created_report
2266,900,2024-12-02,created_report
2267,901,2024-12-02,created_report
2268,902,2024-12-06,created_report
2269,903,2024-12-06,created_report
2270,904,2024-12-06,created_report
2271,905,2024-12-06,created_report
2272,906,2025-01-11,created_report
2273,907,2025-01-11,created_report
2274,908,2024-12-18,created_report
2275,909,2024-12-18,created_report
2276,910,2024-12-18,created_report
2277,911,2024-12-18,created_report
2278,912,2024-12-18,created_report
2279,913,2024-12-18,created_report
2280,914,2025-01-25,created_report
2281,915,2025-01-25,created_report
2282,916,2025-01-25,created_report
2283,917,2024-12-18,created_report
2284,918,2024-12-28,created_report
2285,919,2025-01-23,created_report
2286,920,2024-12-28,created_report
2287,921,2025-01-25,created_report
2288,922,2024-12-28,created_report
2289,923,2025-01-27,created_report
2290,924,2024-12-28,created_report
2291,925,2024-12-28,created_report
2292,926,2025-01-30,created_report
2293,927,2024-12-28,created_report
2294,928,2025-02-01,created_report
2295,929,2025-01-04,created_report
2296,930,2025-02-03,created_report
2297,931,2025-01-04,created_report
2298,932,2025-02-03,created_report
2299,933,2025-01-04,created_report
2300,934,2025-01-04,created_report
2301,935,2025-01-09,created_report
2302,936,2025-02-03,created_report
2303,937,2025-02-10,created_report
2304,938,2025-02-11,created_report
2305,939,2025-02-12,created_report
2306,940,2025-02-15,created_report
2307,949,2025-02-22,created_report
2308,954,2025-01-29,created_report
2309,958,2025-02-03,created_report
2310,965,2025-02-08,created_report
2311,972,2025-02-25,created_report
2312,980,2025-02-22,created_report
2313,980,2025-02-22,viewed_help_docs
2314,980,2025-02-22,ran_dashboard_export
2315,980,2025-02-22,updated_settings
2316,981,2025-02-21,viewed_help_docs
2317,981,2025-02-22,created_report
2318,981,2025-02-23,viewed_help_docs
2319,981,2025-02-24,ran_dashboard_export
2320,981,2025-02-25,updated_settings
2321,982,2025-02-25,created_report
2322,982,2025-02-25,viewed_help_docs
2323,982,2025-02-25,ran_dashboard_export
2324,982,2025-02-25,updated_settings
2325,983,2025-02-23,created_report
2326,983,2025-02-23,viewed_help_docs
2327,983,2025-02-23,ran_dashboard_export
2328,983,2025-02-23,updated_settings
2329,984,2025-02-25,created_report
2330,984,2025-02-26,viewed_help_docs
2331,984,2025-02-27,ran_dashboard_export
2332,984,2025-02-28,updated_settings
2333,985,2025-02-27,created_report
2334,985,2025-02-28,viewed_help_docs
2335,985,2025-03-01,created_report
2336,985,2025-03-02,ran_dashboard_export
2337,986,2025-02-28,created_report
2338,986,2025-02-28,viewed_help_docs
2339,986,2025-02-28,created_report
2340,986,2025-02-28,ran_dashboard_export
2341,987,2025-02-28,created_report
2342,987,2025-02-28,viewed_help_docs
2343,987,2025-02-28,created_report
2344,987,2025-02-28,ran_dashboard_export
2345,988,2025-02-28,invited_team_member
2346,988,2025-02-28,viewed_help_docs
2347,988,2025-02-28,created_report
2348,988,2025-02-28,invited_team_member
2349,989,2025-02-28,invited_team_member
2350,989,2025-02-28,viewed_help_docs
2351,989,2025-02-28,created_report
2352,989,2025-02-28,invited_team_member
2353,990,2025-04-01,created_report
2354,990,2025-04-02,viewed_help_docs
2355,990,2025-04-03,created_report
2356,990,2025-04-01,ran_dashboard_export
2357,991,2025-04-01,created_report
2358,991,2025-04-02,viewed_help_docs
2359,991,2025-04-03,created_report
2360,991,2025-04-04,ran_dashboard_export
2361,992,2025-04-01,created_report
2362,992,2025-04-02,viewed_help_docs
2363,992,2025-04-03,ran_dashboard_export
2364,992,2025-04-04,updated_settings
2365,993,2025-04-01,created_report
2366,993,2025-04-02,viewed_help_docs
2367,993,2025-04-03,ran_dashboard_export
2368,993,2025-04-04,updated_settings
2369,994,2025-04-05,created_report
2370,994,2025-04-06,viewed_help_docs
2371,994,2025-04-07,ran_dashboard_export
2372,994,2025-04-08,updated_settings
2373,995,2024-12-07,created_report
2374,995,2024-12-08,viewed_help_docs
2375,995,2024-12-09,ran_dashboard_export
2376,995,2024-12-10,updated_settings
2377,996,2024-12-09,created_report
2378,996,2024-12-10,viewed_help_docs
2379,996,2024-12-11,ran_dashboard_export
2380,996,2024-12-12,updated_settings
2381,997,2024-12-10,created_report
2382,997,2024-12-11,viewed_help_docs
2383,997,2024-12-12,ran_dashboard_export
2384,997,2024-12-13,updated_settings
2385,998,2024-12-12,created_report
2386,998,2024-12-13,viewed_help_docs
2387,998,2024-12-14,ran_dashboard_export
2388,998,2024-12-15,updated_settings
2389,999,2024-12-11,created_report
2390,999,2024-12-12,viewed_help_docs
2391,999,2024-12-13,ran_dashboard_export
2392,999,2024-12-14,updated_settings
